"ID (do not edit)","Where it appears","TEXT — edit this column","Notes"
"title.tabTitle","Title screen","Master Z’s Encounters — The Game","Browser tab name"
"title.logoAlt","Title screen","Master Z’s Encounters — The Game","Read aloud by screen readers"
"title.headingPlain","Title screen","Master Z’s Encounters — The Game","Only shows if the logo image fails to load"
"title.intro","Title screen","A void deck. A stairwell. A hotel corridor at 3 AM. Ordinary places on the wrong night, and in each one, something you have to decide how to answer.","THE paragraph under the logo"
"title.start","Title screen","Start game",""
"title.continue","Title screen","Continue","Replaces ""Start game"" when a saved run is waiting"
"title.resumeNote","Title screen","Picking up where you left off · {chapter}","The small line under Continue — {chapter} is filled in for you"
"title.newGame","Title screen","Start a new game","The small link under Continue"
"title.chapters","Title screen","Episodes","The button under it that opens the chapter selector"
"title.controlsDesktop","Title screen","<b>Desktop</b> · W A S D to walk, move the mouse to look, <b>E</b> to interact with objects","Keeps <b>bold</b> formatting"
"title.controlsPhone","Title screen","<b>Phone</b> · left thumb walks, right thumb looks, <b>tap</b> objects to interact with them","Keeps <b>bold</b> formatting"
"title.credits","Title screen","Credits",""
"credits.heading","Credits panel","Credits &amp; Attributions","Write &amp; for an ampersand"
"credits.intro","Credits panel","Creative works by other people used in this game, with thanks.",""
"credits.music","Credits panel","Music",""
"credits.musicWho","Credits panel","Leberch · Pixabay",""
"credits.musicLink","Credits panel","pixabay.com/users/leberch-42823964","The blue link text only"
"credits.hands","Credits panel","Hands and arms",""
"credits.handsWho","Credits panel","First person arms · Fab",""
"credits.handsLink","Credits panel","fab.com/listings/c9b121d9","The blue link text only"
"credits.ghost","Credits panel","Ghost",""
"credits.ghostWho","Credits panel","Kuntilanak, Indonesian ghost · Sketchfab",""
"credits.ghostLink","Credits panel","sketchfab.com · kuntilanak-indonesian-ghost","The blue link text only"
"credits.block","Credits panel","HDB block",""
"credits.blockWho","Credits panel","HDB · Sketchfab",""
"credits.blockLink","Credits panel","sketchfab.com · hdb","The blue link text only"
"credits.mum","Credits panel","The mother",""
"credits.mumWho","Credits panel","Casual woman in brown dress, rigged · Sketchfab",""
"credits.mumLink","Credits panel","sketchfab.com · casual-woman-in-brown-dress",""
"credits.chair","Credits panel","The chairs",""
"credits.chairWho","Credits panel","Plastic chair · Sketchfab",""
"credits.chairLink","Credits panel","sketchfab.com · plastic-chair",""
"credits.cars","Credits panel","The cars",""
"credits.carsWho","Credits panel","Low poly cars · Sketchfab",""
"credits.carsLink","Credits panel","sketchfab.com · low-poly-cars",""
"credits.guangong","Credits panel","The altar statue",""
"credits.guangongWho","Credits panel","EinScan Pro HD statue of Guan Gong · Sketchfab",""
"credits.guangongLink","Credits panel","sketchfab.com · statue-of-guan-gong",""
"credits.encik","Credits panel","The audience",""
"credits.encikWho","Credits panel","Encik Lim Cheng Teck, duduk · Sketchfab",""
"credits.encikLink","Credits panel","sketchfab.com · encik-lim-cheng-teck-duduk",""
"credits.tangki","Credits panel","The tang-ki",""
"credits.tangkiWho","Credits panel","Old man, rigged · Sketchfab",""
"credits.tangkiLink","Credits panel","sketchfab.com · old-man-rigged-3d-model",""
"credits.boy","Credits panel","The boy in the crowd",""
"credits.boyWho","Credits panel","Chinese boy · Sketchfab",""
"credits.boyLink","Credits panel","sketchfab.com · chinese-boy",""
"credits.bed","Credits panel","The bed",""
"credits.bedWho","Credits panel","Old bed · Sketchfab",""
"credits.bedLink","Credits panel","sketchfab.com · old-bed",""
"credits.ward","Credits panel","The wardrobe",""
"credits.wardWho","Credits panel","Wardrobe · Sketchfab",""
"credits.wardLink","Credits panel","sketchfab.com · wardrobe",""
"credits.table","Credits panel","The study table",""
"credits.tableWho","Credits panel","Study table · Sketchfab",""
"credits.tableLink","Credits panel","sketchfab.com · study-table",""
"credits.deskchair","Credits panel","The desk chair",""
"credits.deskchairWho","Credits panel","Chair · Sketchfab",""
"credits.deskchairLink","Credits panel","sketchfab.com · chair",""
"credits.curtain","Credits panel","The curtain",""
"credits.curtainWho","Credits panel","Curtain · Sketchfab",""
"credits.curtainLink","Credits panel","sketchfab.com · curtain",""
"credits.stand","Credits panel","The man at the tent edge",""
"credits.standWho","Credits panel","Standing man · Sketchfab",""
"credits.standLink","Credits panel","sketchfab.com · standing-man",""
"credits.shrine","Credits panel","The second altar figure",""
"credits.shrineWho","Credits panel","Seated shrine figure with sword, Thailand · Sketchfab",""
"credits.shrineLink","Credits panel","sketchfab.com · seated-shrine-figure-with-sword-thailand",""
"credits.altar","Credits panel","The home altars",""
"credits.altarWho","Credits panel","Vietnamese altar · Sketchfab",""
"credits.altarLink","Credits panel","sketchfab.com · vietnamese-altar",""
"credits.sofa","Credits panel","The living room sofa",""
"credits.sofaWho","Credits panel","Sofa · Sketchfab",""
"credits.sofaLink","Credits panel","sketchfab.com · sofa",""
"credits.bunk","Credits panel","The bunk beds",""
"credits.bunkWho","Credits panel","Bunk bed · Sketchfab",""
"credits.bunkLink","Credits panel","sketchfab.com · bunk-bed",""
"credits.flash","Credits panel","The flashlight",""
"credits.flashWho","Credits panel","Flashlight · Sketchfab",""
"credits.flashLink","Credits panel","sketchfab.com · flashlight",""
"credits.kamaz","Credits panel","The tonner",""
"credits.kamazWho","Credits panel","Kamaz 5330 · Sketchfab",""
"credits.kamazLink","Credits panel","sketchfab.com · kamaz-5330",""
"credits.forest","Credits panel","The forest and its road",""
"credits.forestWho","Credits panel","A forest 3 with a road at night for game · Sketchfab",""
"credits.forestLink","Credits panel","sketchfab.com · a-forest-3-with-a-road-at-night-for-game",""
"credits.staff","Credits panel","The cookhouse staff",""
"credits.staffWho","Credits panel","Cafe staff uniform portrait · Sketchfab",""
"credits.staffLink","Credits panel","sketchfab.com · cafe-staff-uniform-portrait",""
"credits.warmer","Credits panel","The food at the servery",""
"credits.warmerWho","Credits panel","Buffets food warmer, foods and plates · Sketchfab",""
"credits.warmerLink","Credits panel","sketchfab.com · buffets-food-warmer-foods-and-plates",""
"credits.teddy","Credits panel","The toy in the prologue",""
"credits.teddyWho","Credits panel","Teddybear toy · Sketchfab",""
"credits.teddyLink","Credits panel","sketchfab.com · teddybear-toy",""
"credits.leaf","Credits panel","The leaf in the prologue",""
"credits.leafWho","Credits panel","Birch leaf · popovs · Sketchfab (CC BY 4.0)",""
"credits.leafLink","Credits panel","sketchfab.com · birch-leaf",""
"credits.tree1","Credits panel","The trees (1 of 3)",""
"credits.tree1Who","Credits panel","Realistic tree · Sketchfab",""
"credits.tree1Link","Credits panel","sketchfab.com · realistic-tree",""
"credits.tree2","Credits panel","The trees (2 of 3)",""
"credits.tree2Who","Credits panel","Oak tree · Sketchfab",""
"credits.tree2Link","Credits panel","sketchfab.com · oak-tree",""
"credits.tree3","Credits panel","The trees (3 of 3)",""
"credits.tree3Who","Credits panel","Trees low poly · Sketchfab",""
"credits.tree3Link","Credits panel","sketchfab.com · trees-low-poly",""
"credits.meshy","Credits panel","The tent crowd and the woman at the burner",""
"credits.meshyWho","Credits panel","Three seated characters and a scolding granny · Meshy AI (CC0)",""
"credits.meshyLink","Credits panel","meshy.ai",""
"credits.rifle","Credits panel","The rifle",""
"credits.rifleWho","Credits panel","KRISS Vector, animated · Sketchfab",""
"credits.rifleLink","Credits panel","sketchfab.com · kriss-vector-animated-free",""
"credits.muzzle","Credits panel","The muzzle flash",""
"credits.muzzleWho","Credits panel","Muzzle meshes · Sketchfab",""
"credits.muzzleLink","Credits panel","sketchfab.com · muzzle-meshes",""
"credits.ammo","Credits panel","The ammunition on the range",""
"credits.ammoWho","Credits panel","Ammo crate, and a 5.56 mm ammo pickup · Sketchfab",""
"credits.ammoLink","Credits panel","sketchfab.com · ammo-crate",""
"credits.ammo2Link","Credits panel","sketchfab.com · 556mm-ammo-pickup",""
"credits.anim","Credits panel","Animation, two of the crowd, and the soldiers’ takes",""
"credits.animWho","Credits panel","The mother’s takes, two seated characters, and the recruits’ takes · Mixamo",""
"credits.animLink","Credits panel","mixamo.com",""
"credits.footer","Credits panel","Everything else in the scenes are generated in code.","Last line of the credits"
"chapter.loading","Chapter card","Loading…",""
"hud.sanity","HUD (always on screen)","Sanity","Also names it on the outcome card"
"hud.awareness","HUD (always on screen)","Awareness","Also names it on the outcome card"
"hud.wisdom","HUD (always on screen)","Wisdom","Also names it on the outcome card"
"hud.ghostAlarm","HUD (always on screen)","Ghost spotted!","First half of the red warning"
"hud.ghostWarning","HUD (always on screen)","Sanity level dropping until you take action.","Second half of the red warning"
"hud.presenceAlarm","HUD (always on screen)","Something is here.",""
"hud.objective","HUD (always on screen)","Objective",""
"hud.objDone","HUD (always on screen)","OBJECTIVE COMPLETE",""
"hud.torch","HUD (always on screen)","Torch",""
"hud.torchKey","HUD (always on screen)","F",""
"hud.fire","HUD (always on screen)","FIRE",""
"hud.fireKey","HUD (always on screen)","Space",""
"hud.reload","HUD (always on screen)","Reload",""
"hud.reloadKey","HUD (always on screen)","R",""
"hud.aim","HUD (always on screen)","AIM",""
"hud.aimKey","HUD (always on screen)","Q",""
"event.tap","","TAP",""
"event.timed","","WAIT FOR IT",""
"event.go","","NOW",""
"event.mash","","PRESS FAST",""
"event.hold","","HOLD STILL",""
"event.stabilise","","HOLD STEADY",""
"event.heartbeat","","TAP ON THE BEAT",""
"event.focus","","TAP THE LIGHT",""
"event.sequence","","TAP EACH ONE",""
"event.match","","DRAG EACH ITEM TO ITS PLACE",""
"event.matchOk","","MATCHED",""
"event.matchBad","","WRONG ITEM",""
"event.hit","","GOOD",""
"event.miss","","MISSED",""
"event.perfect","","PERFECT",""
"event.great","","EXCELLENT",""
"event.good","","GOOD TIMING",""
"event.slight","","SLIGHT MISS",""
"event.missed","","MISSED — SANITY LOST",""
"event.broken","","TOO LATE — SANITY LOST",""
"event.start","","START",""
"event.ready","","BRIEFING",""
"card.conduct","Outcome + teaching card — under the stat rows","What you did",""
"card.ward","Outcome + teaching card — under the stat rows","Amulet −{n}",""
"decide.clock","Decision panel","It is still coming",""
"world.burning","In the world","Something is burning ahead...",""
"world.interactKey","In the world","E","Keycap shown on desktop — keep it short"
"world.interactKeyTouch","In the world","Tap","Keycap shown on phones — keep it short"
"world.interactText","In the world","Examine the pile of hell notes",""
"world.interactTextTouch","In the world","the pile of hell notes",""
"world.hintWalk","In the world","Walk toward the light",""
"world.hintPhone","In the world","Left thumb walks · right thumb looks",""
"world.hintMouseTouch","In the world","W A S D to walk · move the mouse to look · touch works too",""
"world.hintLocked","In the world","W A S D to walk · move the mouse to look",""
"world.hintEdges","In the world","W A S D to walk · move the mouse to look",""
"world.actHintTouch","In the world","tap the glowing pile","Tail of the hint line, phones"
"world.actHintKey","In the world","E at the glowing pile","Tail of the hint line, desktop"
"world.actLineTouch","In the world","Tap the glowing pile of notes to look again","After stepping back, phones"
"world.actLineKey","In the world","Press E at the glowing pile to look again","After stepping back, desktop"
"cine.skip","Cutscenes","Skip ▸",""
"decide.label","Decision panel","Decision",""
"decide.stepBack","Decision panel","Step back ✕",""
"result.label","Outcome + teaching card","Outcome",""
"result.teachingLabel","Outcome + teaching card","Master Z’s teaching",""
"result.next","Outcome + teaching card","Continue",""
"complete.label","Finished the chapter","Case file complete",""
"complete.sealed","Finished the chapter","Sealed",""
"complete.coreLabel","Finished the chapter","Core lesson",""
"complete.again","Finished the chapter","Continue",""
"lost.label","Lost your nerve","Case failed",""
"lost.sealed","Lost your nerve","Lost",""
"lost.say","Lost your nerve","Your sanity has shattered. You've seen what no mind was meant to endure.",""
"lost.teachingLabel","Lost your nerve","Master Z’s teaching",""
"lost.teaching","Lost your nerve","Fear is not the danger. Facing what terrifies you...and doing nothing—is.",""
"lost.retry","Lost your nerve","Retry",""
"newgame.heading","Starting over — the confirmation","Start a new game?","Shown when the player asks to start over"
"newgame.body","Starting over — the confirmation","Your saved progress will be erased and you will begin again from the first chapter.","The warning under it"
"newgame.yes","Starting over — the confirmation","Start over","Erases the save and starts again"
"newgame.no","Starting over — the confirmation","Keep playing","Backs out and keeps the save"
"menu.button","The pause menu (M, or the gear button)","Menu","The label beside the gear button, desktop only"
"menu.buttonKey","The pause menu (M, or the gear button)","M","The keycap on that label — keep it short"
"menu.heading","The pause menu (M, or the gear button)","Paused",""
"menu.resume","The pause menu (M, or the gear button)","Return to the game","Closes the menu and carries on"
"menu.chapters","The pause menu (M, or the gear button)","Episodes and chapters","Opens the chapter selector"
"menu.toTitle","The pause menu (M, or the gear button)","Back to the title screen","Saves where you stand and goes to the title screen"
"chapters.heading","The chapter selector","Episodes",""
"chapters.hint","The chapter selector","Pick an episode, then a chapter you have reached, to play it again from its opening.","The line under the heading"
"chapters.locked","The chapter selector","Not yet reached","Shown in place of a chapter name you have not reached yet"
"chapters.close","The chapter selector","Close ✕",""
"chapters.ask","The chapter selector","Play {chapter} from its beginning? Your current place in the story will be replaced.","Asked before replaying a chapter — {chapter} is filled in for you"
"chapters.yes","The chapter selector","Play it","Confirms the replay"
"chapters.no","The chapter selector","Back","Backs out to the list"
"chapters.unwritten","The chapter selector","Not yet written","Shown in place of a chapter that is not written yet"
"chapters.episode","The chapter selector","Episode {n}","The name of an episode tab, for screen readers — {n} is filled in for you"
"chapters.chapter","The chapter selector","Chapter {n}","The label of a chapter that is not written yet — {n} is filled in for you"
"chapters.inProgress","The chapter selector","In progress","The word beside a chapter you have reached but not finished, and under an episode you are partway through"
"chapters.here","The chapter selector","You are here","The word beside the chapter you are in right now"
"chapters.progress","The chapter selector","{n} of {m} chapters completed","The line under the case name in the selector — {n} and {m} are filled in for you"
"chapters.completed","The chapter selector","Completed",""
"chapters.play","The chapter selector","Play ▸",""
"episode.label","The episode-complete card (v6.3)","Episode complete","The small line above the big rank"
"episode.stamp","The episode-complete card (v6.3)","Case closed","The red stamp across the rank — keep it short"
"episode.scoreLabel","The episode-complete card (v6.3)","Episode score","Beside the episode's average score"
"episode.tallyLabel","The episode-complete card (v6.3)","Five chapters, tallied","Above the row of five chapter results"
"episode.mapLabel","The episode-complete card (v6.3)","The ten cases","Above the trail of ten cases"
"episode.unlocked","The episode-complete card (v6.3)","Unlocked","The small flag on the next case in the trail"
"episode.next","The episode-complete card (v6.3)","Next · {episode}","Under the trail when the next case exists — {episode} is filled in for you"
"episode.nextUnwritten","The episode-complete card (v6.3)","{episode} is unlocked. It is not yet written — come back for it.","Under the trail when the next case is not written yet — {episode} is filled in for you"
"episode.allDone","The episode-complete card (v6.3)","Every case is closed.","Under the trail after the tenth case"
"episode.continue","The episode-complete card (v6.3)","Continue","The button when the next case exists"
"episode.toTitle","The episode-complete card (v6.3)","Back to the title screen","The button when it does not"
"ep1.label","The episodes — the ten case files (v6.0)","Episode 1","The line above ""Chapter N"" on the chapter card, and the heading under the episode tabs"
"ep1.title","The episodes — the ten case files (v6.0)","The Hell Note I Should Never Have Taken","The name of the case — shown under the episode tabs in the selector"
"ep2.label","The episodes — the ten case files (v6.0)","Episode 2","The line above ""Chapter N"" on the chapter card, and the heading under the episode tabs"
"ep2.title","The episodes — the ten case files (v6.0)","The 3 AM Shower & The Ghost Cyclist","The name of the case — shown under the episode tabs in the selector"
"ep3.label","The episodes — the ten case files (v6.0)","Episode 3","The line above ""Chapter N"" on the chapter card, and the heading under the episode tabs"
"ep3.title","The episodes — the ten case files (v6.0)","The Room That Didn't Want Us There","The name of the case — shown under the episode tabs in the selector"
"ep4.label","The episodes — the ten case files (v6.0)","Episode 4","The line above ""Chapter N"" on the chapter card, and the heading under the episode tabs"
"ep4.title","The episodes — the ten case files (v6.0)","The Love Spell That Followed Me Home","The name of the case — shown under the episode tabs in the selector"
"ep5.label","The episodes — the ten case files (v6.0)","Episode 5","The line above ""Chapter N"" on the chapter card, and the heading under the episode tabs"
"ep5.title","The episodes — the ten case files (v6.0)","Not Every Master Should Be Trusted","The name of the case — shown under the episode tabs in the selector"
"ep6.label","The episodes — the ten case files (v6.0)","Episode 6","The line above ""Chapter N"" on the chapter card, and the heading under the episode tabs"
"ep6.title","The episodes — the ten case files (v6.0)","The Ghost Clinging To Her Back","The name of the case — shown under the episode tabs in the selector"
"ep7.label","The episodes — the ten case files (v6.0)","Episode 7","The line above ""Chapter N"" on the chapter card, and the heading under the episode tabs"
"ep7.title","The episodes — the ten case files (v6.0)","Spiritual Disturbance After A Crematorium Visit","The name of the case — shown under the episode tabs in the selector"
"ep8.label","The episodes — the ten case files (v6.0)","Episode 8","The line above ""Chapter N"" on the chapter card, and the heading under the episode tabs"
"ep8.title","The episodes — the ten case files (v6.0)","The Toilet Possession: When Belief Isn't Enough","The name of the case — shown under the episode tabs in the selector"
"ep9.label","The episodes — the ten case files (v6.0)","Episode 9","The line above ""Chapter N"" on the chapter card, and the heading under the episode tabs"
"ep9.title","The episodes — the ten case files (v6.0)","The Corner The Dog Wouldn't Go Near","The name of the case — shown under the episode tabs in the selector"
"ep10.label","The episodes — the ten case files (v6.0)","Episode 10","The line above ""Chapter N"" on the chapter card, and the heading under the episode tabs"
"ep10.title","The episodes — the ten case files (v6.0)","The Mirror That Wouldn't Stop Banging","The name of the case — shown under the episode tabs in the selector"
"inv.button","Equipment panel","Inventory","The label beside the button, desktop only"
"inv.buttonKey","Equipment panel","I","The keycap on that label — keep it short"
"inv.title","Equipment panel","Equipment",""
"inv.close","Equipment panel","Close ✕","The button that shuts the panel"
"inv.worn","Equipment panel","Equipped",""
"inv.carried","Equipment panel","Bag",""
"inv.empty","Equipment panel","Nothing selected","Shown when no item is selected"
"inv.emptyDesc","Equipment panel","Tap an item to look at it.","The line under it"
"inv.hintTouch","Equipment panel","Tap an item, then tap where it goes · double-tap to equip","The how-to line, phones"
"inv.hintDesktop","Equipment panel","Drag items, or click it and click where it goes · double-click to equip · I or Esc closes","The how-to line, desktop"
"inv.zoom","Equipment panel","Look closer","Read aloud for the magnifying-glass button — never seen"
"inv.zoomClose","Equipment panel","Close ✕","Closes the big item view"
"inv.zoomHint","Equipment panel","Drag to turn it · pinch or scroll to zoom","The how-to line under the big item view"
"slot.head","Equipment panel — slot names","Divine Eyes","On the figure's head"
"slot.neck","Equipment panel — slot names","Amulet","On the figure's neck"
"slot.body","Equipment panel — slot names","Sak Yant","On the figure's torso"
"slot.hand","Equipment panel — slot names","Hand","His hand — the torch goes here"
"item.torch.name","Equipment panel — the items","Torch",""
"item.torch.desc","Equipment panel — the items","Army issue. A wide, hard beam and a heavy switch.","Shown beside the torch in the equipment panel"
"item.rifle.name","Equipment panel — the items","Rifle",""
"item.rifle.desc","Equipment panel — the items","Army issue. Signed out to you by serial number, and signed back in the same way.",""
"item.amulet.name","Equipment panel — the items","LP Phiboon Second Batch Rian Amulet (Small)",""
"item.amulet.desc","Equipment panel — the items","Powerful against danger, negative energies, black magic and bad spirits. Provides +15 protection against sanity damage. Also boosts Metta Mahaniyom. Made by the powerful Luang Pu PhiBoon (PhiBoon Sae Tan), born during the reign of King Rama 4 in Thailand.",""
"inv.wardLeft","Equipment panel","Protection left: {n} of {max}",""
"inv.wardSpent","Equipment panel","Spent for this episode. It recharges when the next episode begins.",""
"unlock.label","The ITEM UNLOCKED splash (v14.7)","Item unlocked",""
"unlock.sub","The ITEM UNLOCKED splash (v14.7)","Added to your bag",""
"unlock.close","The ITEM UNLOCKED splash (v14.7)","Close",""
"a11y.soundButton","Screen readers only","Sound on or off","Never seen on screen"
"a11y.volumeSlider","Screen readers only","Game volume","Never seen on screen"
"a11y.closeButton","Screen readers only","Close","Never seen on screen"
"a11y.creditsButton","Screen readers only","Credits","Never seen on screen"
"a11y.menuButton","Screen readers only","Menu","Never seen on screen"
"ch1.title","CHAPTER 1 — the story itself","The Hell Note","Internal name of the chapter"
"ch1.cardLabel","CHAPTER 1 — the story itself","Chapter 1",""
"ch1.cardTitle","CHAPTER 1 — the story itself","The Hell Note<br>I Should Never Have Taken","Chapter card headline — <br> makes a line break"
"ch1.brief","CHAPTER 1 — the story itself","Late. A void deck you have walked a hundred times. Tonight someone has been burning for the dead, and a single note has drifted away from the pile, right into your path.","One-line summary of this chapter (not shown on screen yet)"
"ch1.prompt","CHAPTER 1 — the story itself","The hell note is right at your feet. What do you do?","The question above the four choices"
"ch1.core","CHAPTER 1 — the story itself","Never take what is not given.<br><i>Adinnādānā veramaṇī sikkhāpadaṃ samādiyāmi.</i>","The lesson on the final Sealed card"
"ch1.A.text","CHAPTER 1 — the story itself","Pick it up. It is only paper.",""
"ch1.A.say","CHAPTER 1 — the story itself","You bend down and take it. The warmth on your face is suddenly gone.",""
"ch1.A.teach","CHAPTER 1 — the story itself","What is burned is already given. Take it away, and the debt returns in another form.",""
"ch1.B.text","CHAPTER 1 — the story itself","Kick it and laugh. Superstition is for other people.",""
"ch1.B.say","CHAPTER 1 — the story itself","Your foot scuffs across the concrete. Behind you, something is on the chase.",""
"ch1.B.teach","CHAPTER 1 — the story itself","You do not have to believe in something to respect it. Disrespect may invite what belief never could.",""
"ch1.C.text","CHAPTER 1 — the story itself","Stop and look around before walking away.",""
"ch1.C.say","CHAPTER 1 — the story itself","Your intuition was right. This is not a place for you to be standing.",""
"ch1.C.teach","CHAPTER 1 — the story itself","Observation costs nothing and prevents the unintended. Awareness is the cheapest protection there is.",""
"ch1.D.text","CHAPTER 1 — the story itself","Recite a chant, then respectfully excuse yourself.",""
"ch1.D.say","CHAPTER 1 — the story itself","The lamp buzzes. A sense of peacefulness arise.",""
"ch1.D.teach","CHAPTER 1 — the story itself","Act wisely. Respect what you cannot see. It may matter more than you think.",""
"e2c1.title","EPISODE 2 · CHAPTER 1 — the story itself","The Worst Bed",""
"e2c1.cardLabel","EPISODE 2 · CHAPTER 1 — the story itself","Chapter 1",""
"e2c1.cardTitle","EPISODE 2 · CHAPTER 1 — the story itself","The Worst Bed",""
"e2c1.brief","EPISODE 2 · CHAPTER 1 — the story itself","Day one of Basic Military Training. Nine recruits to a bunk, and yours is the bottom bed nearest the toilet door. Nobody wanted it. Get through the day; then get through the night.",""
"e2c1.prompt","EPISODE 2 · CHAPTER 1 — the story itself","Three in the morning. The shower in the block next to your bed has turned itself on. What do you do?",""
"e2c1.core","EPISODE 2 · CHAPTER 1 — the story itself","Attention is not neutral. To acknowledge a presence is to open a connection that was not there. If nothing is asking anything of you, give it nothing.<br><i>What you attend to, attends to you.</i>",""
"e2c1.words.approach","EPISODE 2 · CHAPTER 1 — the story itself","your bed",""
"e2c1.words.act","EPISODE 2 · CHAPTER 1 — the story itself","E at your bed",""
"e2c1.words.actTouch","EPISODE 2 · CHAPTER 1 — the story itself","Tap your bed",""
"e2c1.words.interact","EPISODE 2 · CHAPTER 1 — the story itself","E at your bed",""
"e2c1.words.interactTouch","EPISODE 2 · CHAPTER 1 — the story itself","Tap your bed",""
"e2c1.words.presence","EPISODE 2 · CHAPTER 1 — the story itself","Something is in the block.",""
"e2c1.words.objArrive","EPISODE 2 · CHAPTER 1 — the story itself","Find your bed — bed one",""
"e2c1.words.objFallIn","EPISODE 2 · CHAPTER 1 — the story itself","FALL IN — on the yellow line",""
"e2c1.words.objLate","EPISODE 2 · CHAPTER 1 — the story itself","FALL IN — get to the line",""
"e2c1.words.objPunish","EPISODE 2 · CHAPTER 1 — the story itself","TWENTY PUSH-UPS — the whole section",""
"e2c1.words.objCount","EPISODE 2 · CHAPTER 1 — the story itself","REPORT STRENGTH — number off",""
"e2c1.words.objStandby","EPISODE 2 · CHAPTER 1 — the story itself","Back to your bed — standby bed",""
"e2c1.words.objStood","EPISODE 2 · CHAPTER 1 — the story itself","Stand by your bed — wait for orders",""
"e2c1.words.objBed","EPISODE 2 · CHAPTER 1 — the story itself","STANDBY BED — lay it out, fast",""
"e2c1.words.bedBrief","EPISODE 2 · CHAPTER 1 — the story itself","Drag each item on the left onto its place on the right. The faster you lay the whole set out, the better it is inspected — and every item put in the wrong place costs you.",""
"e2c1.words.objFree","EPISODE 2 · CHAPTER 1 — the story itself","Look around the bunk before lights out — check the toilet block",""
"e2c1.words.objWarn","EPISODE 2 · CHAPTER 1 — the story itself","Lights out is coming — get to your bed",""
"e2c1.words.objLights","EPISODE 2 · CHAPTER 1 — the story itself","Lights out",""
"e2c1.words.objFear","EPISODE 2 · CHAPTER 1 — the story itself","FEAR CONTROL — keep the beat",""
"e2c1.words.hotShower","EPISODE 2 · CHAPTER 1 — the story itself","Look into the shower block",""
"e2c1.words.hotBuddy","EPISODE 2 · CHAPTER 1 — the story itself","Talk to him",""
"e2c1.words.hotBunkmate","EPISODE 2 · CHAPTER 1 — the story itself","Ask him about bed one",""
"e2c1.words.evBed","EPISODE 2 · CHAPTER 1 — the story itself","STANDBY BED",""
"e2c1.words.evFear","EPISODE 2 · CHAPTER 1 — the story itself","FEAR CONTROL",""
"e2c1.words.noteOnTime","EPISODE 2 · CHAPTER 1 — the story itself","Fell in on time.",""
"e2c1.words.noteLate","EPISODE 2 · CHAPTER 1 — the story itself","Late to fall in. Push-ups.",""
"e2c1.words.noteBedOk","EPISODE 2 · CHAPTER 1 — the story itself","A good standby bed.",""
"e2c1.words.noteBedFail","EPISODE 2 · CHAPTER 1 — the story itself","The bunk did it again because of you.",""
"e2c1.words.item1","EPISODE 2 · CHAPTER 1 — the story itself","Towel",""
"e2c1.words.item2","EPISODE 2 · CHAPTER 1 — the story itself","Boots",""
"e2c1.words.item3","EPISODE 2 · CHAPTER 1 — the story itself","FAD kit",""
"e2c1.words.item4","EPISODE 2 · CHAPTER 1 — the story itself","Toggle rope",""
"e2c1.A.text","EPISODE 2 · CHAPTER 1 — the story itself","Get up and open the toilet door.",""
"e2c1.A.say","EPISODE 2 · CHAPTER 1 — the story itself","I got up and looked. I found water, and nothing else, and a corridor I did not like.",""
"e2c1.A.teach","EPISODE 2 · CHAPTER 1 — the story itself","Investigating can provide information, but moving straight toward uncertainty is not automatically the wisest first step.",""
"e2c1.B.text","EPISODE 2 · CHAPTER 1 — the story itself","Stay still and listen.",""
"e2c1.B.say","EPISODE 2 · CHAPTER 1 — the story itself","I stayed still and listened. What I heard was a sound. What it meant, I did not know yet.",""
"e2c1.B.teach","EPISODE 2 · CHAPTER 1 — the story itself","Hearing something frightening is an observation. Deciding what caused it is an interpretation.",""
"e2c1.C.text","EPISODE 2 · CHAPTER 1 — the story itself","Whisper to your bunkmate — ""You awake?""",""
"e2c1.C.say","EPISODE 2 · CHAPTER 1 — the story itself","I asked the one person who could tell me. He heard nothing. That was worth knowing.",""
"e2c1.C.teach","EPISODE 2 · CHAPTER 1 — the story itself","Check simple human explanations before building a more complicated interpretation.",""
"e2c1.D.text","EPISODE 2 · CHAPTER 1 — the story itself","It's a ghost — blanket over your head.",""
"e2c1.D.say","EPISODE 2 · CHAPTER 1 — the story itself","I decided what it was before I knew anything. Under the blanket, the water kept running.",""
"e2c1.D.teach","EPISODE 2 · CHAPTER 1 — the story itself","Fear is a signal, not proof.",""
"ch2.title","CHAPTER 2 — the story itself","The Presence",""
"ch2.cardLabel","CHAPTER 2 — the story itself","Chapter 2",""
"ch2.cardTitle","CHAPTER 2 — the story itself","The Presence<br>In My Own Room",""
"ch2.brief","CHAPTER 2 — the story itself","Days later. Your own bedroom, the fan turning, the streetlight coming through the window. Someone has been crying in this flat and it is not your mother. Tonight the room is not empty.",""
"ch2.prompt","CHAPTER 2 — the story itself","Something is in the gap between the bed and the wall. What do you do?",""
"ch2.core","CHAPTER 2 — the story itself","Know the edge of what you can handle. You do not have to suffer in silence.",""
"ch2.words.approach","CHAPTER 2 — the story itself","Something is not right in here...",""
"ch2.words.act","CHAPTER 2 — the story itself","E at the gap beside the bed",""
"ch2.words.actTouch","CHAPTER 2 — the story itself","tap the gap beside the bed",""
"ch2.words.interact","CHAPTER 2 — the story itself","Look into the gap beside the bed",""
"ch2.words.interactTouch","CHAPTER 2 — the story itself","the gap beside the bed",""
"ch2.A.text","CHAPTER 2 — the story itself","Look around the bed.",""
"ch2.A.say","CHAPTER 2 — the story itself","You lean over the edge and look down into the dark. It is looking back, and it has been for a while.",""
"ch2.A.teach","CHAPTER 2 — the story itself","Awareness can reveal more, but investigation without preparation has a cost.",""
"ch2.B.text","CHAPTER 2 — the story itself","Call for your mother.",""
"ch2.B.say","CHAPTER 2 — the story itself","You shout. Nothing. Then a door, and slippers shuffles in, and the light.",""
"ch2.B.teach","CHAPTER 2 — the story itself","Seeking help is not weakness. Knowing your limits is part of wisdom.",""
"ch2.C.text","CHAPTER 2 — the story itself","Get out of the room.",""
"ch2.C.say","CHAPTER 2 — the story itself","You decide to head out. At the door you look back, and the room looks ordinary.",""
"ch2.C.teach","CHAPTER 2 — the story itself","Creating distance can reduce exposure even if it does not solve the cause.",""
"ch2.D.text","CHAPTER 2 — the story itself","Stay silent and do not move.",""
"ch2.D.say","CHAPTER 2 — the story itself","You lie still and count the fan going round. Beside your head, the mattress takes someone’s weight.",""
"ch2.D.teach","CHAPTER 2 — the story itself","Stillness may prevent escalation, but enduring fear is not the same as solving the problem.",""
"e2c2.title","EPISODE 2 · CHAPTER 2 — the story itself","Nobody There",""
"e2c2.cardLabel","EPISODE 2 · CHAPTER 2 — the story itself","Chapter 2",""
"e2c2.cardTitle","EPISODE 2 · CHAPTER 2 — the story itself","Nobody There",""
"e2c2.brief","EPISODE 2 · CHAPTER 2 — the story itself","Night after night, at three in the morning, the shower beside bed one turns itself on. This morning you have decided to say something. Ask three bunkmates what they heard. Then tell the encik.",""
"e2c2.prompt","EPISODE 2 · CHAPTER 2 — the story itself","The encik is watching the recruits eat. You have asked three men. Now you are standing in front of him. What do you say?",""
"e2c2.core","EPISODE 2 · CHAPTER 2 — the story itself","""Haunted, I'm sure"" and ""it was nothing"" are the same grip on opposite sides. ""Something happened, I don't know what"" is the mind held open until it has enough.<br><i>Diṭṭhupādāna — clinging to a view. Either certainty stops you looking.</i>",""
"e2c2.words.approach","EPISODE 2 · CHAPTER 2 — the story itself","",""
"e2c2.words.act","EPISODE 2 · CHAPTER 2 — the story itself","E to speak to the encik",""
"e2c2.words.actTouch","EPISODE 2 · CHAPTER 2 — the story itself","Tap to speak to the encik",""
"e2c2.words.interact","EPISODE 2 · CHAPTER 2 — the story itself","E to speak to the encik",""
"e2c2.words.interactTouch","EPISODE 2 · CHAPTER 2 — the story itself","Tap to speak to the encik",""
"e2c2.words.presence","EPISODE 2 · CHAPTER 2 — the story itself","Something followed you here.",""
"e2c2.words.objAsk","EPISODE 2 · CHAPTER 2 — the story itself","Ask three bunkmates what they heard · {n}/3",""
"e2c2.words.objEncik","EPISODE 2 · CHAPTER 2 — the story itself","Tell the encik",""
"e2c2.words.hotBunkmate","EPISODE 2 · CHAPTER 2 — the story itself","Ask your bunkmate",""
"e2c2.words.hotRecruit","EPISODE 2 · CHAPTER 2 — the story itself","Ask him",""
"e2c2.words.hotRecruit2","EPISODE 2 · CHAPTER 2 — the story itself","Ask the recruit beside him",""
"e2c2.A.text","EPISODE 2 · CHAPTER 2 — the story itself","""Encik, something happened. I don't know what.""",""
"e2c2.A.say","EPISODE 2 · CHAPTER 2 — the story itself","I told him what I knew, and only that. He didn't laugh.",""
"e2c2.A.teach","EPISODE 2 · CHAPTER 2 — the story itself","Document before interpreting. Wisdom can include: I don't know yet.",""
"e2c2.B.text","EPISODE 2 · CHAPTER 2 — the story itself","""Encik, the bunk is haunted. I'm sure.""",""
"e2c2.B.say","EPISODE 2 · CHAPTER 2 — the story itself","I said I was sure. I wasn't. Now nobody will listen.",""
"e2c2.B.teach","EPISODE 2 · CHAPTER 2 — the story itself","Confirmation bias can make ordinary events feel like proof.",""
"e2c2.C.text","EPISODE 2 · CHAPTER 2 — the story itself","""Never mind encik, I think I was just tired.""",""
"e2c2.C.say","EPISODE 2 · CHAPTER 2 — the story itself","I called it nothing. It wasn't nothing. Three a.m. knew that.",""
"e2c2.C.teach","EPISODE 2 · CHAPTER 2 — the story itself","Scepticism is not the same as dismissal.",""
"e2c2.D.text","EPISODE 2 · CHAPTER 2 — the story itself","""Encik, what do you think it is?""",""
"e2c2.D.say","EPISODE 2 · CHAPTER 2 — the story itself","He gave me three answers and one rule. The rule was the answer.",""
"e2c2.D.teach","EPISODE 2 · CHAPTER 2 — the story itself","Good guidance expands your thinking; it does not replace your judgement.",""
"ch3.title","CHAPTER 3 — the story itself","The Gathering",""
"ch3.cardLabel","CHAPTER 3 — the story itself","Chapter 3",""
"ch3.cardTitle","CHAPTER 3 — the story itself","The Gathering<br>Nobody Else Turned Round",""
"ch3.brief","CHAPTER 3 — the story itself","The tentage has been up all week in the car park under his block. This morning there is a drum, a crowd on red plastic chairs, and a man at the altar who has stopped being himself. Everyone is watching the front. Nobody is watching row four.",""
"ch3.prompt","CHAPTER 3 — the story itself","The medium has gone into trance at the altar. What do you do?",""
"ch3.core","CHAPTER 3 — the story itself","Some things lie beyond understanding. Keep an open mind, and observe before you judge.",""
"ch3.words.approach","CHAPTER 3 — the story itself","The whole tent is watching the front...",""
"ch3.words.act","CHAPTER 3 — the story itself","E to act",""
"ch3.words.actTouch","CHAPTER 3 — the story itself","Tap to act",""
"ch3.words.interact","CHAPTER 3 — the story itself","Watch the ritual at the altar",""
"ch3.words.interactTouch","CHAPTER 3 — the story itself","the altar",""
"ch3.words.hotAmulet","CHAPTER 3 — the story itself","E to take the amulet",""
"ch3.words.hotAmuletTouch","CHAPTER 3 — the story itself","Tap to take the amulet",""
"ch3.words.objAmulet","CHAPTER 3 — the story itself","Take the amulet on the auntie's table",""
"ch3.words.objEquip","CHAPTER 3 — the story itself","Open your bag and equip the amulet",""
"ch3.A.text","CHAPTER 3 — the story itself","Stay at the back and watch.",""
"ch3.A.say","CHAPTER 3 — the story itself","You stay at the back and watch it unfold. You've never seen anything like this before.",""
"ch3.A.teach","CHAPTER 3 — the story itself","Observation before interpretation strengthens awareness.",""
"ch3.B.text","CHAPTER 3 — the story itself","Join the trance.",""
"ch3.B.say","CHAPTER 3 — the story itself","You go up with the others. The drum is inside your chest, the air goes thin, and someone takes your arm and walks you out of it.",""
"ch3.B.teach","CHAPTER 3 — the story itself","Participation increases exposure. Do not enter practices you do not yet understand.",""
"ch3.C.text","CHAPTER 3 — the story itself","Ask the auntie what is happening.",""
"ch3.C.say","CHAPTER 3 — the story itself","She does not laugh at you. She tells you what the man is doing, and what he is not. Then she tells you where not to sit.",""
"ch3.C.teach","CHAPTER 3 — the story itself","Questioning respectfully is part of discernment.",""
"ch3.D.text","CHAPTER 3 — the story itself","Leave while you still can.",""
"ch3.D.say","CHAPTER 3 — the story itself","You are out before the drum stops. It is quieter out here, and that turns out to be worse.",""
"ch3.D.teach","CHAPTER 3 — the story itself","Leaving can be appropriate when you lack the knowledge to engage safely.",""
"e2c3.title","EPISODE 2 · CHAPTER 3 — the story itself","The Pressure",""
"e2c3.cardLabel","EPISODE 2 · CHAPTER 3 — the story itself","Chapter 3",""
"e2c3.cardTitle","EPISODE 2 · CHAPTER 3 — the story itself","The Pressure",""
"e2c3.brief","EPISODE 2 · CHAPTER 3 — the story itself","Infantry. The first night of the outfield exercise, in a harbour dug into the jungle. You have the rear scrape, the one facing out into the dark. Nothing to do but wait for morning — so look around.",""
"e2c3.prompt","EPISODE 2 · CHAPTER 3 — the story itself","Something is pressing on your leg. Not a feeling: weight. The torch is on the ground at your feet and there is nothing there. What do you do?",""
"e2c3.core","EPISODE 2 · CHAPTER 3 — the story itself","A feeling is not proof. The weight on your leg is vedanā, a sensation. The fear that follows it is saṅkhāra, the story your mind builds on top. Look for the ordinary first, and do not feed the story.<br><i>Vedanā-khandha · Saṅkhāra-khandha — the feeling, and what the mind makes of it. Do not engage. Do not provoke. Observe.</i>",""
"e2c3.words.approach","EPISODE 2 · CHAPTER 3 — the story itself","the ground at your feet",""
"e2c3.words.act","EPISODE 2 · CHAPTER 3 — the story itself","E to look down",""
"e2c3.words.actTouch","EPISODE 2 · CHAPTER 3 — the story itself","Tap to look down",""
"e2c3.words.interact","EPISODE 2 · CHAPTER 3 — the story itself","E to look down",""
"e2c3.words.interactTouch","EPISODE 2 · CHAPTER 3 — the story itself","Tap to look down",""
"e2c3.words.presence","EPISODE 2 · CHAPTER 3 — the story itself","Something is pressing on your leg.",""
"e2c3.words.objLook","EPISODE 2 · CHAPTER 3 — the story itself","Look around. Shine the torch into the jungle · {n}/6",""
"e2c3.words.objDown","EPISODE 2 · CHAPTER 3 — the story itself","Shine the torch down. On the ground.",""
"e2c3.words.hotSpot","EPISODE 2 · CHAPTER 3 — the story itself","Hold the torch on it",""
"e2c3.words.hotBuddy","EPISODE 2 · CHAPTER 3 — the story itself","Hold the torch on him",""
"e2c3.words.hotFeet","EPISODE 2 · CHAPTER 3 — the story itself","Look down at your boots",""
"e2c3.words.objPick","EPISODE 2 · CHAPTER 3 — the story itself","Pick up the torch on the ground",""
"e2c3.words.objEquip","EPISODE 2 · CHAPTER 3 — the story itself","Picked up Torch. Equip now to use.",""
"e2c3.words.objSwitch","EPISODE 2 · CHAPTER 3 — the story itself","Turn on the torch · press F",""
"e2c3.words.objSwitchTouch","EPISODE 2 · CHAPTER 3 — the story itself","Turn on the torch · tap the torch icon",""
"e2c3.words.hotTorch","EPISODE 2 · CHAPTER 3 — the story itself","E to pick up the torch",""
"e2c3.words.hotTorchTouch","EPISODE 2 · CHAPTER 3 — the story itself","Tap to pick up the torch",""
"e2c3.A.text","EPISODE 2 · CHAPTER 3 — the story itself","Shine the torch on the source of the pressure",""
"e2c3.A.say","EPISODE 2 · CHAPTER 3 — the story itself","I put the light on it before I moved. It ran. Light was the one thing it wouldn't stay for.",""
"e2c3.A.teach","EPISODE 2 · CHAPTER 3 — the story itself","Courage does not require deliberately removing your own safety advantages.",""
"e2c3.B.text","EPISODE 2 · CHAPTER 3 — the story itself","Reach down into the dark",""
"e2c3.B.say","EPISODE 2 · CHAPTER 3 — the story itself","I reached into the dark before I looked. My hand still remembers what moved.",""
"e2c3.B.teach","EPISODE 2 · CHAPTER 3 — the story itself","Making observation harder is not bravery.",""
"e2c3.C.text","EPISODE 2 · CHAPTER 3 — the story itself","Ask your buddy if he felt it",""
"e2c3.C.say","EPISODE 2 · CHAPTER 3 — the story itself","I asked him. He felt nothing. Two of us, one night, two different nights.",""
"e2c3.C.teach","EPISODE 2 · CHAPTER 3 — the story itself","Independent context can narrow possibilities without forcing a conclusion.",""
"e2c3.D.text","EPISODE 2 · CHAPTER 3 — the story itself","""Who's there?""",""
"e2c3.D.say","EPISODE 2 · CHAPTER 3 — the story itself","I called out to it. It stopped the moment I did. I gave it my voice.",""
"e2c3.D.teach","EPISODE 2 · CHAPTER 3 — the story itself","Provocation and investigation are not the same thing.",""
"ch4.title","CHAPTER 4 — the story itself","Back Home",""
"ch4.cardLabel","CHAPTER 4 — the story itself","Chapter 4",""
"ch4.cardTitle","CHAPTER 4 — the story itself","Back Home<br>It Knows Where I Live",""
"ch4.brief","CHAPTER 4 — the story itself","The evening after the tentage. You stayed out all day, and now the sun is down and there is nowhere left to go but home. Ma is working late. The flat is empty, the lights are on, and none of that helps.",""
"ch4.prompt","CHAPTER 4 — the story itself","You know something is following you. What do you do about it, tonight?",""
"ch4.core","CHAPTER 4 — the story itself","A pattern seen clearly is half the answer.<br><i>Yoniso manasikāra — wise attention to how things arise.</i>",""
"ch4.words.approach","CHAPTER 4 — the story itself","The flat is too quiet tonight...",""
"ch4.words.act","CHAPTER 4 — the story itself","E at the dining chair",""
"ch4.words.actTouch","CHAPTER 4 — the story itself","tap the dining chair",""
"ch4.words.interact","CHAPTER 4 — the story itself","Sit down and think it through",""
"ch4.words.interactTouch","CHAPTER 4 — the story itself","the dining chair",""
"ch4.A.text","CHAPTER 4 — the story itself","Connect the dots.",""
"ch4.A.say","CHAPTER 4 — the story itself","You review the sequence. A pattern begins to emerge. The events no longer feel random.",""
"ch4.A.teach","CHAPTER 4 — the story itself","Look for patterns before jumping to conclusions. Context matters.",""
"ch4.B.text","CHAPTER 4 — the story itself","Ignore it and sleep.",""
"ch4.B.say","CHAPTER 4 — the story itself","You convince yourself nothing is wrong and try to sleep. You wake later to the same unsettling atmosphere.",""
"ch4.B.teach","CHAPTER 4 — the story itself","Dismissal is not discernment. Repeated warning signs deserve careful assessment.",""
"ch4.C.text","CHAPTER 4 — the story itself","Provoke the presence.",""
"ch4.C.say","CHAPTER 4 — the story itself","The environment reacts violently. Provocation added danger without giving understanding.",""
"ch4.C.teach","CHAPTER 4 — the story itself","Never provoke what you do not understand merely to prove that it exists.",""
"ch4.D.text","CHAPTER 4 — the story itself","Ask for help again.",""
"ch4.D.say","CHAPTER 4 — the story itself","You stop trying to handle this alone. Help is coming tomorrow. Tonight, mom's voice is enough.",""
"ch4.D.teach","CHAPTER 4 — the story itself","Knowing when to seek qualified guidance is a form of wisdom.",""
"e2c4.title","EPISODE 2 · CHAPTER 4 — the story itself","The Ghost Cyclist",""
"e2c4.cardLabel","EPISODE 2 · CHAPTER 4 — the story itself","Chapter 4",""
"e2c4.cardTitle","EPISODE 2 · CHAPTER 4 — the story itself","The Ghost Cyclist",""
"e2c4.brief","EPISODE 2 · CHAPTER 4 — the story itself","The live range, after dark. Eight lanes, live rounds, and a tower that runs everything. You are on lane six. Nobody fires until the tower says fire, and nobody — nobody — goes forward of the line.",""
"e2c4.prompt","EPISODE 2 · CHAPTER 4 — the story itself","It has stopped, and it is facing the line. The tower says the target area is empty, and everyone on the line can see it. Your rifle is loaded. What do you do?",""
"e2c4.core","EPISODE 2 · CHAPTER 4 — the story itself","Your own experience and somebody else's account are two different things. Not everything needs to be challenged or investigated. Carry on with your duties, keep your mind clear, and stay grounded.",""
"e2c4.words.approach","EPISODE 2 · CHAPTER 4 — the story itself","the target area",""
"e2c4.words.act","EPISODE 2 · CHAPTER 4 — the story itself","E to act",""
"e2c4.words.actTouch","EPISODE 2 · CHAPTER 4 — the story itself","Tap to act",""
"e2c4.words.interact","EPISODE 2 · CHAPTER 4 — the story itself","E to answer it",""
"e2c4.words.interactTouch","EPISODE 2 · CHAPTER 4 — the story itself","Tap to answer it",""
"e2c4.words.actLine","EPISODE 2 · CHAPTER 4 — the story itself","Press E to answer it again",""
"e2c4.words.actLineTouch","EPISODE 2 · CHAPTER 4 — the story itself","Tap to answer it again",""
"e2c4.words.presence","EPISODE 2 · CHAPTER 4 — the story itself","Something is out there.",""
"e2c4.words.presenceWarn","EPISODE 2 · CHAPTER 4 — the story itself","There is nothing you can do about it yet.",""
"e2c4.words.objLine","EPISODE 2 · CHAPTER 4 — the story itself","Move to lane six",""
"e2c4.words.noFire","EPISODE 2 · CHAPTER 4 — the story itself","Shooting only allowed at lane six",""
"e2c4.words.objLoad","EPISODE 2 · CHAPTER 4 — the story itself","Load on the order",""
"e2c4.words.objHold","EPISODE 2 · CHAPTER 4 — the story itself","On the line. Do NOT fire until the tower gives the order.",""
"e2c4.words.objS1","EPISODE 2 · CHAPTER 4 — the story itself","Static target, 100 metres. Fire on the order · {n}/3",""
"e2c4.words.objS3","EPISODE 2 · CHAPTER 4 — the story itself","Moving target, 200 metres · {n}/2",""
"e2c4.words.objCease","EPISODE 2 · CHAPTER 4 — the story itself","Cease fire. Stand fast.",""
"e2c4.words.objStag","EPISODE 2 · CHAPTER 4 — the story itself","Wait on the line. Weapons loaded.",""
"e2c4.words.objConfuse","EPISODE 2 · CHAPTER 4 — the story itself","Hold it in your sight. Do not fire.",""
"e2c4.words.objMoment","EPISODE 2 · CHAPTER 4 — the story itself","It is in the target area. Hold your sight on it.",""
"e2c4.words.hotTrack","EPISODE 2 · CHAPTER 4 — the story itself","Keep it in your sight",""
"e2c4.words.itemMag","EPISODE 2 · CHAPTER 4 — the story itself","MAGAZINE",""
"e2c4.words.itemCock","EPISODE 2 · CHAPTER 4 — the story itself","COCK",""
"e2c4.words.itemSafety","EPISODE 2 · CHAPTER 4 — the story itself","SAFETY",""
"e2c4.words.noteEarly","EPISODE 2 · CHAPTER 4 — the story itself","Fired before the order.",""
"e2c4.words.noteAfterCease","EPISODE 2 · CHAPTER 4 — the story itself","Fired after the cease-fire.",""
"e2c4.words.noteFiredAt","EPISODE 2 · CHAPTER 4 — the story itself","Fired at it.",""
"e2c4.words.noteSerialClean","EPISODE 2 · CHAPTER 4 — the story itself","Shot the ",""
"e2c4.words.noteSerialSome","EPISODE 2 · CHAPTER 4 — the story itself","Put rounds on the ",""
"e2c4.words.noteLoad","EPISODE 2 · CHAPTER 4 — the story itself","Loaded on the order, in order.",""
"e2c4.words.noteTrack","EPISODE 2 · CHAPTER 4 — the story itself","Held it in your sight. Kept your lane.",""
"e2c4.words.loadBrief","EPISODE 2 · CHAPTER 4 — the story itself","LOAD ON THE ORDER",""
"e2c4.words.loadBody","EPISODE 2 · CHAPTER 4 — the story itself","Magazine on. Cock. Safety catch on. TAP (or SPACE) as each bar reaches the band. Early counts against you.",""
"e2c4.words.loadGo","EPISODE 2 · CHAPTER 4 — the story itself","READY",""
"e2c4.A.text","EPISODE 2 · CHAPTER 4 — the story itself","Keep your arc. Report it. Carry on.",""
"e2c4.A.say","EPISODE 2 · CHAPTER 4 — the story itself","I kept my lane. I said what I saw, in the proper words, and then I carried on.",""
"e2c4.A.teach","EPISODE 2 · CHAPTER 4 — the story itself","Carry on with your duties, keep your mind clear, stay grounded.",""
"e2c4.B.text","EPISODE 2 · CHAPTER 4 — the story itself","Put the torch on it and go closer",""
"e2c4.B.say","EPISODE 2 · CHAPTER 4 — the story itself","I went out to look. The ground was empty, and the sound came from behind me.",""
"e2c4.B.teach","EPISODE 2 · CHAPTER 4 — the story itself","Not everything needs to be challenged or investigated.",""
"e2c4.C.text","EPISODE 2 · CHAPTER 4 — the story itself","Fire at it until it stops coming",""
"e2c4.C.say","EPISODE 2 · CHAPTER 4 — the story itself","I put a whole magazine into it. Every round brought it closer.",""
"e2c4.C.teach","EPISODE 2 · CHAPTER 4 — the story itself","Do not engage, do not provoke, and do not feed your own fear.",""
"e2c4.D.text","EPISODE 2 · CHAPTER 4 — the story itself","Get up and run",""
"e2c4.D.say","EPISODE 2 · CHAPTER 4 — the story itself","I ran. Five other men ran with me. Nobody looked back down the range.",""
"e2c4.D.teach","EPISODE 2 · CHAPTER 4 — the story itself","Your own experience and somebody else's account are two different things.",""
"ch5.title","CHAPTER 5 — the story itself","The Lesson",""
"ch5.cardLabel","CHAPTER 5 — the story itself","Chapter 5",""
"ch5.cardTitle","CHAPTER 5 — the story itself","The Lesson<br>What It Was All For",""
"ch5.brief","CHAPTER 5 — the story itself","Morning. Ma is home, the tea is poured, and the tang-ki from the tentage is standing in the living room reading the flat like a letter. On the table: the hell note. It was here all along.",""
"ch5.prompt","CHAPTER 5 — the story itself","The tang-ki has read every room, and the hellnote lies on the table. What do you ask of him?",""
"ch5.core","CHAPTER 5 — the story itself","Do not dismiss. Do not provoke. Observe, and seek knowledge before acting.<br><i>The first case is closed. The lesson is yours to keep.</i>",""
"ch5.words.approach","CHAPTER 5 — the story itself","He walks the flat like he is reading it...",""
"ch5.words.act","CHAPTER 5 — the story itself","E — speak to the tang-ki",""
"ch5.words.actTouch","CHAPTER 5 — the story itself","tap the tang-ki",""
"ch5.words.interact","CHAPTER 5 — the story itself","Ask him what he saw",""
"ch5.words.interactTouch","CHAPTER 5 — the story itself","the tang-ki",""
"ch5.A.text","CHAPTER 5 — the story itself","Seek his guidance.",""
"ch5.A.say","CHAPTER 5 — the story itself","You sit down with him and ask what you should learn from everything that happened. Fear has given way to wisdom.",""
"ch5.A.teach","CHAPTER 5 — the story itself","Do not assume. Do not provoke. Observe, understand the situation and seek guidance before acting.",""
"ch5.B.text","CHAPTER 5 — the story itself","Ignore him and trust your fear alone.",""
"ch5.B.say","CHAPTER 5 — the story itself","Fear begins filling in the missing information before you verify what is actually there.",""
"ch5.B.teach","CHAPTER 5 — the story itself","Always verify before deciding what something means.",""
"ch5.C.text","CHAPTER 5 — the story itself","Dismiss everything.",""
"ch5.C.say","CHAPTER 5 — the story itself","You decide it must have been imagination and refuse to examine further. You lose what it was trying to teach.",""
"ch5.C.teach","CHAPTER 5 — the story itself","Blind disbelief can be as unhelpful as blind belief. Discernment requires real observation and an open mind.",""
"ch5.D.text","CHAPTER 5 — the story itself","Ask him to settle the presence.",""
"ch5.D.say","CHAPTER 5 — the story itself","You accept that you do not understand everything yet, and commit to learning without recklessness. The note is returned to the fire. The case becomes your first lesson.",""
"ch5.D.teach","CHAPTER 5 — the story itself","Wisdom grows when experience is combined with humility, observation and proper guidance.",""
"e2c5.title","EPISODE 2 · CHAPTER 5 — the story itself","The Last Question",""
"e2c5.cardLabel","EPISODE 2 · CHAPTER 5 — the story itself","Chapter 5",""
"e2c5.cardTitle","EPISODE 2 · CHAPTER 5 — the story itself","The Last Question",""
"e2c5.brief","EPISODE 2 · CHAPTER 5 — the story itself","Days from ORD, at your infantry camp. Clear your kit — the armskote, the stores, the company office — and then walk over to the man across the apron you have not seen since Tekong.",""
"e2c5.prompt","EPISODE 2 · CHAPTER 5 — the story itself","He has brought the three o'clock shower up himself, and he is waiting for an answer.",""
"e2c5.core","EPISODE 2 · CHAPTER 5 — the story itself","The departed stay where their attachments are. So do the living. He was held by a shower in a bunk; you were held by a question — and what let you go was that you stopped holding on.",""
"e2c5.words.approach","EPISODE 2 · CHAPTER 5 — the story itself","",""
"e2c5.words.act","EPISODE 2 · CHAPTER 5 — the story itself","E to act",""
"e2c5.words.actTouch","EPISODE 2 · CHAPTER 5 — the story itself","Tap to act",""
"e2c5.words.interact","EPISODE 2 · CHAPTER 5 — the story itself","E to speak to the encik",""
"e2c5.words.interactTouch","EPISODE 2 · CHAPTER 5 — the story itself","Tap to speak to the encik",""
"e2c5.words.objClear","EPISODE 2 · CHAPTER 5 — the story itself","Clear your kit · {n}/3",""
"e2c5.words.objEncik","EPISODE 2 · CHAPTER 5 — the story itself","Speak to the encik",""
"e2c5.words.hotArms","EPISODE 2 · CHAPTER 5 — the story itself","Hand in your rifle",""
"e2c5.words.hotStores","EPISODE 2 · CHAPTER 5 — the story itself","Hand in your torch",""
"e2c5.words.hotOffice","EPISODE 2 · CHAPTER 5 — the story itself","Sign your clearance form",""
"e2c5.A.text","EPISODE 2 · CHAPTER 5 — the story itself","""Who was it, encik? What was his story?""",""
"e2c5.A.say","EPISODE 2 · CHAPTER 5 — the story itself","I asked who he was. Encik told me, and then told me to leave it there.",""
"e2c5.A.teach","EPISODE 2 · CHAPTER 5 — the story itself","A story can be received as a teaching or collected as a lead. Take the lesson; leave the rest where it is.",""
"e2c5.B.text","EPISODE 2 · CHAPTER 5 — the story itself","""I don't think about it anymore, encik.""",""
"e2c5.B.say","EPISODE 2 · CHAPTER 5 — the story itself","I had already let it go. He only confirmed I was right to.",""
"e2c5.B.teach","EPISODE 2 · CHAPTER 5 — the story itself","Attention is the connection. Stop giving a thing yours, and it stops giving you its.",""
"e2c5.C.text","EPISODE 2 · CHAPTER 5 — the story itself","""I think I was just too stressed.""",""
"e2c5.C.say","EPISODE 2 · CHAPTER 5 — the story itself","I called it stress. He wouldn't let me.",""
"e2c5.C.teach","EPISODE 2 · CHAPTER 5 — the story itself","An ordinary explanation you do not believe is not scepticism. It is a lid.",""
"e2c5.D.text","EPISODE 2 · CHAPTER 5 — the story itself","""Why didn't you tell me then, encik?""",""
"e2c5.D.say","EPISODE 2 · CHAPTER 5 — the story itself","I wanted a reason I was owed. He gave me one. It didn't help.",""
"e2c5.D.teach","EPISODE 2 · CHAPTER 5 — the story itself","Somebody else's account is not your experience, and being owed one is not the same as needing one.",""
"","VOICE LINES — every spoken take, every speaker","Edit the TEXT column; a changed line is regenerated in that speaker's voice","Length of the current take"
"voice.vpro1","Chapter 1 · The Hell Note — James (the player): Opening film, over black, before the first memory","Ever since I was young, I loved picking things up from the ground.","4.47 s"
"voice.vpro2","Chapter 1 · The Hell Note — James (the player): Opening film, the leaf on the grass","Sometimes it was just random leaves that I found interesting.","4.05 s"
"voice.vpro3","Chapter 1 · The Hell Note — James (the player): Opening film, the toy on the stairwell landing","Sometimes I found thrown-away toys that I liked, when nobody else did.","5.56 s"
"voice.vpro4","Chapter 1 · The Hell Note — James (the player): Opening film, the note by the drain","And if I'm lucky... sometimes I find money.","3.00 s"
"voice.vpro5","Chapter 1 · The Hell Note — James (the player): Opening film, over black, before the void deck at night","This time however... this time was different.","3.47 s"
"voice.vpick1","Chapter 1 · The Hell Note — James (the player): Opening film, as he picks up the leaf","Ooh! Nice.","1.96 s"
"voice.vpick2","Chapter 1 · The Hell Note — James (the player): Opening film, as he picks up the bear","Oh! Hello there.","1.80 s"
"voice.vpick3","Chapter 1 · The Hell Note — James (the player): Opening film, as he finds the five-dollar note","Wah! Five dollars!","1.65 s"
"voice.voice","Chapter 1 · The Hell Note — James (the player): A few seconds after chapter 1 begins","Almost midnight... and this is the only way home.","3.97 s · Its own file (assets/voice.mp3), not in the sound pack."
"voice.vpile","Chapter 1 · The Hell Note — James (the player): The first time you come near the burner","Someone's been burning offerings. [beat] Is it Seventh Month already?","4.44 s"
"voice.vnote","Chapter 1 · The Hell Note — James (the player): The first time the note prompt appears","There's one right at my feet. Like it was left for me.","4.28 s"
"voice.vgasp","Chapter 1 · The Hell Note — James (the player): Scene A, when he looks up and she is there; also chapter 2 scene A","[a sharp, frightened inhale] Oh my God.","1.65 s · Meant as a wordless gasp; the take also says the words (found by transcription at v5.14, as vrelief's were at v4.8)."
"voice.vscoff","Chapter 1 · The Hell Note — James (the player): Scene B, on the kick","[a short, dismissive laugh] It's just paper.","2.04 s · Meant as a wordless scoff; the take also says the words (found by transcription at v5.14)."
"voice.vpant","Chapter 1 · The Hell Note — James (the player): Scene B, under the run; also chapter 3 scene B","[running out of breath] No, no, no, no, no.","2.04 s · Meant as wordless panting; the take also says the words (found by transcription at v5.14)."
"voice.vrelief","Chapter 1 · The Hell Note — James (the player): Scene C, after he walks away; also chapter 2 scenes B and D, chapter 3 scene D, chapter 4 scene D","[a quiet, shaken exhale — no words]","2.77 s · Wordless since v4.8 (the first take turned out to say 'Just keep walking. Don't look back')."
"voice.vchantline","Chapter 1 · The Hell Note — James (the player): Not used","Namo tassa bhagavato arahato sammāsambuddhassa. I'm sorry. I'll go.","8.36 s · Retired at v3.7's cutscene pass; the file is still in the shared pack. Transcribed from the shipped take at v5.14."
"voice.vA","Chapter 1 · The Hell Note — James (the player): Under the outcome card after choice A — “Pick it up. It is only paper.”","It's just paper. [beat] So why does my hand feel like it's holding something heavier?","5.15 s"
"voice.vB","Chapter 1 · The Hell Note — James (the player): Under the outcome card after choice B — “Kick it and laugh. Superstition is for other people.”","[panting] I shouldn't have done that. I knew it the second my foot touched it.","4.36 s"
"voice.vC","Chapter 1 · The Hell Note — James (the player): Under the outcome card after choice C — “Stop and look around before walking away.”","Look first. That's all it takes. Just... look first.","5.07 s"
"voice.vD","Chapter 1 · The Hell Note — James (the player): Under the outcome card after choice D — “Recite a chant, then respectfully excuse yourself.”","Not my offering. Not my business. [exhale] Rest well, whoever you are.","8.05 s"
"voice.vghost","Chapters 1 and 2 · the haunting — James (the player): The first time she is seen","Am I... seeing things?","2.27 s · Whispered."
"voice.vscare1","Chapters 1 and 2 · the haunting — James (the player): Each time she reappears — the four scares take turns","Ahh!","0.91 s"
"voice.vscare2","Chapters 1 and 2 · the haunting — James (the player): Each time she reappears — the four scares take turns","No no no","1.23 s"
"voice.vscare3","Chapters 1 and 2 · the haunting — James (the player): Each time she reappears — the four scares take turns","Who's there?!","1.49 s"
"voice.vscare4","Chapters 1 and 2 · the haunting — James (the player): Each time she reappears — the four scares take turns","What is that","1.88 s"
"voice.vlow","Chapters 1 and 2 · the haunting — James (the player): The first time sanity drops under 30","[shaky breathing] My chest... I need to get out of here. Now.","3.79 s"
"voice.vfaint","Chapters 1 and 2 · the haunting — James (the player): The faint, when sanity reaches zero","No... my head... everything's... spinning...","4.05 s"
"voice.vlost","Chapters 1 and 2 · the haunting — James (the player): The 'lost your nerve' card after the faint","[terrified whisper] I can't... I can't be here... [panicked breathing] No. No. No.","5.80 s"
"voice.v2wake1","Chapter 2 · The Presence — James (the player): Opening film, over black","It followed me home.","2.43 s"
"voice.v2wake2","Chapter 2 · The Presence — James (the player): Opening film, and nothing answers","Ma? Ma, is that you?","2.51 s"
"voice.v2wake3","Chapter 2 · The Presence — James (the player): Opening film, under the fade","There is someone in the room.","2.85 s"
"voice.v2near","Chapter 2 · The Presence — James (the player): Nearing the gap beside the bed","It keeps coming from over there, from the wall.","3.24 s"
"voice.v2gap","Chapter 2 · The Presence — James (the player): At the gap, when the prompt appears","I have slept beside that gap my whole life. Never has this happened.","4.44 s"
"voice.v2call","Chapter 2 · The Presence — James (the player): Scene B, calling for Ma","MA! MA, COME HERE! PLEASE!","2.43 s · Shouted."
"voice.v2ma","Chapter 2 · The Presence — Ma (his mother): Scene B, the mother at the door","Aiyah. What is it now? Go back to sleep, boy. I am here.","4.99 s"
"voice.v2A","Chapter 2 · The Presence — James (the player): Under the outcome card after choice A — “Look around the bed.”","It was already looking at me. It had been the whole time.","4.75 s"
"voice.v2B","Chapter 2 · The Presence — James (the player): Under the outcome card after choice B — “Call for your mother.”","She did not even ask what was wrong. She just left.","3.63 s"
"voice.v2C","Chapter 2 · The Presence — James (the player): Under the outcome card after choice C — “Get out of the room.”","I'm leaving this room. I will sleep in the living room tonight.","3.08 s"
"voice.v2D","Chapter 2 · The Presence — James (the player): Under the outcome card after choice D — “Stay silent and do not move.”","Nothing happened. That is not the same as nothing being there.","4.60 s"
"voice.v3wake1","Chapter 3 · The Gathering — James (the player): Opening film","They put the tent up on Monday. It is still going.","5.33 s"
"voice.v3wake2","Chapter 3 · The Gathering — James (the player): Opening film","My mother told me not to come down. I came down anyway.","5.15 s"
"voice.v3wake3","Chapter 3 · The Gathering — James (the player): Opening film, over the crowd","Everyone seems fascinated by the performance...","4.21 s · Re-said in Chad's words at v4.5."
"voice.v3wake4","Chapter 3 · The Gathering — James (the player): Not used","That one is looking at me. Nobody else is.","3.08 s · Lost its place when the ghost left the chapter (v4.3); the file is still in chapter 3's pack."
"voice.v3chair","Chapter 3 · The Gathering — James (the player): Opening film, on the one chair","There's one chair facing the wrong way. Just one.","4.75 s"
"voice.v3out1","Chapter 3 · The Gathering — James (the player): Opening film, seeing her on the tarmac","She's out there! Standing outside...","2.93 s · Re-said in Chad's words at v4.5."
"voice.v3out2","Chapter 3 · The Gathering — James (the player): Opening film, the last line","She's not coming in.","2.85 s"
"voice.v3play","Chapter 3 · The Gathering — James (the player): A few seconds after chapter 3 begins","I feel better here... but why?","2.43 s · Re-said in Chad's words at v4.5."
"voice.v3altar","Chapter 3 · The Gathering — James (the player): At the altar, when the prompt appears","He has not blinked. Not once.","3.08 s"
"voice.v3seen","Chapter 3 · The Gathering — James (the player): Scene A","He looked at me. Out of all of them... he looked at me.","6.11 s"
"voice.v3grip","Chapter 3 · The Gathering — James (the player): Scene B","His eyes were shut. He was looking at me with his eyes shut.","5.72 s"
"voice.v3aunt5","Chapter 3 · The Gathering — The granny at the brazier (chapter 3): Scene B, hauling him out","Boy, come out of there now. You cannot stand there!","3.16 s"
"voice.v3aunt1","Chapter 3 · The Gathering — The auntie at the paper table (chapter 3): Scene C","That one? He is the tang kee. The god borrows his body.","4.99 s"
"voice.v3aunt2","Chapter 3 · The Gathering — The auntie at the paper table (chapter 3): Scene C","He has done this for thirty years. Watch his hands, not his face.","4.99 s"
"voice.v3ask","Chapter 3 · The Gathering — James (the player): Scene C","Is it real, auntie?","2.12 s"
"voice.v3aunt3","Chapter 3 · The Gathering — The auntie at the paper table (chapter 3): Scene C","Real, not real, I don't know. I know he wakes up tomorrow and drives a lorry.","5.25 s"
"voice.v3aunt4","Chapter 3 · The Gathering — The auntie at the paper table (chapter 3): Scene C, her last word","Listen to me, ah boy. Do not sit in the back row today.","3.87 s · Re-said for the morning at v4.3 (""tonight"" became ""today""). Transcribed from the shipped take at v5.14."
"voice.v3aunt6","Chapter 3 · The Gathering — The auntie at the paper table (chapter 3): Play, the amulet: when he picks it up off her table","Ah boy, you like this one? Auntie give it to you, keep it well!","4.99 s · v14.7, Chad's words. Take d of four (masters/v14.7), picked by pitch and balance against her four shipped lines."
"voice.v3left","Chapter 3 · The Gathering — James (the player): Scene D, leaving","I could still hear the drum from the lift. I told myself that was normal.","6.92 s"
"voice.v3A","Chapter 3 · The Gathering — James (the player): Under the outcome card after choice A — “Stay at the back and watch.”","I did not move. He looked at me anyway.","3.40 s"
"voice.v3B","Chapter 3 · The Gathering — James (the player): Under the outcome card after choice B — “Join the trance.”","I knew better. I went up there anyway.","3.08 s"
"voice.v3C","Chapter 3 · The Gathering — James (the player): Under the outcome card after choice C — “Ask the auntie what is happening.”","She told me the truth. Both halves of it.","3.87 s"
"voice.v3D","Chapter 3 · The Gathering — James (the player): Under the outcome card after choice D — “Leave while you still can.”","I got out. The drum stopped when I did.","3.63 s"
"voice.v4wake1","Chapter 4 · Back Home — James (the player): Opening film, over black","I stayed outside the whole day. Anywhere but here.","3.32 s"
"voice.v4wake2","Chapter 4 · Back Home — James (the player): Opening film, the lights on","Ma's working late. The flat is empty.","2.77 s"
"voice.v4wake3","Chapter 4 · Back Home — James (the player): Opening film, at the window","One quiet night. That's all I want.","2.85 s"
"voice.v4voice","Chapter 4 · Back Home — James (the player): A few seconds after chapter 4 begins","I can do this.","1.65 s"
"voice.v4near","Chapter 4 · Back Home — James (the player): Nearing the dining chair","Sit down. Breathe. Think it through.","2.93 s"
"voice.v4sit","Chapter 4 · Back Home — James (the player): When he sits down to think — on interacting with the chair (v5.30: no longer on walking up to it) — and again as scene A sits down","Start from the beginning...","1.49 s"
"voice.v4thinkA1","Chapter 4 · Back Home — James (the player): Scene A, the void deck memory","The void deck. The hell note. Where it started.","3.32 s"
"voice.v4thinkA2","Chapter 4 · Back Home — James (the player): Scene A, the bedroom memory","Then my own room. The gap beside my bed. It wasn't random.","6.43 s"
"voice.v4thinkA3","Chapter 4 · Back Home — James (the player): Scene A, the red chair memory","Same block. Same week. Same me. It's not the places — it's following me.","9.09 s"
"voice.v4tired","Chapter 4 · Back Home — James (the player): Scene B, crossing to the sofa","Enough. I'm tired. It's nothing — every block has its stories.","4.83 s"
"voice.v4wake3am","Chapter 4 · Back Home — James (the player): Scene B, waking at 3 a.m.","...the clock. Why can't I hear the clock?","2.93 s · Whispered."
"voice.v4taunt","Chapter 4 · Back Home — James (the player): Scene C, to the empty flat","You want me?! I'm right here! Come out where I can SEE you!","4.52 s · Shouted."
"voice.v4regret","Chapter 4 · Back Home — James (the player): Scene C, after everything stops","okay... okay. stupid. stupid. stupid me...","3.55 s · Whispered."
"voice.v4ma1","Chapter 4 · Back Home — Ma (his mother): Scene D, answering the phone","Hello? ...Boy? Why you sound like that. What happened?","4.75 s · Heard through the handset."
"voice.v4call1","Chapter 4 · Back Home — James (the player): Scene D, on the phone","Ma. It's me... no— something's wrong with the flat.","4.68 s"
"voice.v4call2","Chapter 4 · Back Home — James (the player): Scene D, on the phone","I know how it sounds. Please.","2.59 s"
"voice.v4ma2","Chapter 4 · Back Home — Ma (his mother): Scene D, the promise","Listen to me. Tomorrow I ask the temple to send the tang-ki down. He will come and check the whole house. Tonight you don't touch anything ah, you hear me?","9.56 s · Heard through the handset."
"voice.v4ma3","Chapter 4 · Back Home — Ma (his mother): Scene D, before she hangs up","Lock the door. Leave the light on for me. I'm coming home soon.","4.05 s · Heard through the handset."
"voice.v4A","Chapter 4 · Back Home — James (the player): Under the outcome card after choice A — “Connect the dots.”","It was never random. It followed me home.","3.47 s"
"voice.v4B","Chapter 4 · Back Home — James (the player): Under the outcome card after choice B — “Ignore it and sleep.”","I ignored it. It did not ignore me.","3.55 s"
"voice.v4C","Chapter 4 · Back Home — James (the player): Under the outcome card after choice C — “Provoke the presence.”","I dared it. In my own home. It answered.","4.52 s"
"voice.v4D","Chapter 4 · Back Home — James (the player): Under the outcome card after choice D — “Ask for help again.”","Help is coming tomorrow. I can hold one night.","4.36 s"
"voice.v5wake1","Chapter 5 · The Lesson — James (the player): Opening film, over black","He actually came.","2.27 s"
"voice.v5ma1","Chapter 5 · The Lesson — Ma (his mother): Opening film, at the door","Come in, sifu. Come in, come in.","2.19 s"
"voice.v5wake2","Chapter 5 · The Lesson — James (the player): Opening film, the bow to the kitchen","Why is he bowing at the kitchen.","1.72 s"
"voice.t5note","Chapter 5 · The Lesson — The tang-ki (chapters 3 and 5): Opening film, the note set down on the table — his first words in the game","Here. [beat] Under where you sit.","3.55 s"
"voice.v5wake3","Chapter 5 · The Lesson — James (the player): Opening film, the last line","That's the hell note. From the void deck. It's been here the whole time.","6.43 s"
"voice.v5voice","Chapter 5 · The Lesson — James (the player): A few seconds after chapter 5 begins","Do I...approach him?","2.19 s"
"voice.v5near","Chapter 5 · The Lesson — James (the player): Nearing the tang-ki","He walked around the flat like he's reading it.","3.08 s"
"voice.v5sit","Chapter 5 · The Lesson — James (the player): At the tang-ki, when the prompt appears","Uncle. What did you see?","2.43 s"
"voice.t5teachA","Chapter 5 · The Lesson — The tang-ki (chapters 3 and 5): Scene A, the teaching at the table","Think back. Understand what you did. Seek help before you act. [beat] You know you've done wrong. That is why this morning is quiet.","10.11 s · Transcribed from the shipped take at v5.14."
"voice.t5hallA","Chapter 5 · The Lesson — The tang-ki (chapters 3 and 5): Scene A, in the daylit corridor","Nothing lives here, boy. It only visits. And visits end.","6.69 s"
"voice.t5fearB","Chapter 5 · The Lesson — The tang-ki (chapters 3 and 5): Scene B, cutting through the fear","I cannot help you if you do not open up. But you already know what you did wrong...","6.53 s"
"voice.v5fearB1","Chapter 5 · The Lesson — James (the player): Scene B, after the release","I should never have asked for help. I sound...crazy.","5.64 s · Shaky. Transcribed from the shipped take at v5.14."
"voice.v5disC1","Chapter 5 · The Lesson — James (the player): Scene C, turning his back on the note","Paper. It's just paper.","2.27 s"
"voice.t5disC","Chapter 5 · The Lesson — The tang-ki (chapters 3 and 5): Scene C, quietly, behind him","You may call it paper. [beat] Paper burns, and now you're caught in its fire...","5.96 s"
"voice.t5learnD1","Chapter 5 · The Lesson — The tang-ki (chapters 3 and 5): Scene D, at the altar","We return what was kept.","2.59 s"
"voice.v5ma2","Chapter 5 · The Lesson — Ma (his mother): Scene D, near the burning","Thank you, sifu. Thank you.","2.12 s"
"voice.t5learnD2","Chapter 5 · The Lesson — The tang-ki (chapters 3 and 5): Scene D, the episode's last lesson","It is finished. What you keep now is the lesson.","5.56 s"
"voice.v5learnD","Chapter 5 · The Lesson — James (the player): Scene D, quietly, at the end","The first one. He says every case teaches you the next.","4.60 s"
"voice.v5A","Chapter 5 · The Lesson — James (the player): Under the outcome card after choice A — “Seek his guidance.”","I asked him what to learn. He told me. All of it.","4.05 s"
"voice.v5B","Chapter 5 · The Lesson — James (the player): Under the outcome card after choice B — “Ignore him and trust your fear alone.”","The fear followed me into the morning. When will it go away?","4.75 s"
"voice.v5C","Chapter 5 · The Lesson — James (the player): Under the outcome card after choice C — “Dismiss everything.”","I called it paper. She heard me.","2.27 s"
"voice.v5D","Chapter 5 · The Lesson — James (the player): Under the outcome card after choice D — “Ask him to settle the presence.”","It's over. [beat] It's really over.","2.27 s"
"voice.n1pro1","Episode 2 · Chapter 1 · The Worst Bed — James at eighteen (episode 2): Opening film: inside the ferry","Finally eighteen. The biggest and most dreaded milestone in the lives of most young men here, including mine. National Service. I boarded the seven a.m. ferry with the other fresh recruits, begrudgingly. Nobody was talking to anybody. Not yet.","17.79 s"
"voice.n1pro1b","Episode 2 · Chapter 1 · The Worst Bed — James at eighteen (episode 2): Opening film: the parade square","We got sorted into our companies. I got into Hawk Coy. Whatever that means.","5.49 s"
"voice.n1pro2","Episode 2 · Chapter 1 · The Worst Bed — James at eighteen (episode 2): Opening film: the bunk","Nine of us to a bunk. Two rows of double-deck beds, and a sergeant walking the line with a clipboard.","6.84 s"
"voice.n1pro3","Episode 2 · Chapter 1 · The Worst Bed — James at eighteen (episode 2): Opening film: bed one","Bed one. Right next to the toilet door. The worst spot in the room, and the one nobody wanted.","6.27 s"
"voice.n1pro4","Episode 2 · Chapter 1 · The Worst Bed — James at eighteen (episode 2): Opening film: lights out","I told myself it didn't matter where you slept... but I was wrong...","4.68 s"
"voice.n1voice","Episode 2 · Chapter 1 · The Worst Bed — James at eighteen (episode 2): Seconds after play begins","First day. Just get through it.","2.35 s"
"voice.n1near","Episode 2 · Chapter 1 · The Worst Bed — James at eighteen (episode 2): Nearing his bed","That's mine. Bed one.","2.04 s"
"voice.n1act","Episode 2 · Chapter 1 · The Worst Bed — James at eighteen (episode 2): The decision opens, 03:00","Nobody else is moving. Nobody else can hear it?","4.21 s"
"voice.n1fallin","Episode 2 · Chapter 1 · The Worst Bed — James at eighteen (episode 2): The whistle","That's the whistle. Go, go.","1.80 s"
"voice.n1late","Episode 2 · Chapter 1 · The Worst Bed — James at eighteen (episode 2): Late to the fall-in line","Twenty push-ups. On day one.","2.77 s"
"voice.n1bedok","Episode 2 · Chapter 1 · The Worst Bed — James at eighteen (episode 2): A good standby bed","Done. Pillow, blanket, boots, all of it.","3.08 s"
"voice.n1bedfail","Episode 2 · Chapter 1 · The Worst Bed — James at eighteen (episode 2): A failed standby bed","Again. The whole bunk, because of me.","2.85 s"
"voice.n1shower","Episode 2 · Chapter 1 · The Worst Bed — James at eighteen (episode 2): The shower block by day","Just a shower block. Tiles, a drain, a timer tap.","4.05 s"
"voice.n1board","Episode 2 · Chapter 1 · The Worst Bed — James at eighteen (episode 2): The notice board","Week two. Live firing.","2.12 s"
"voice.n1lights","Episode 2 · Chapter 1 · The Worst Bed — James at eighteen (episode 2): Lights out","Ten o'clock. Lights out.","2.04 s"
"voice.n1wake","Episode 2 · Chapter 1 · The Worst Bed — James at eighteen (episode 2): 03:00, waking","...what time is it.","1.72 s"
"voice.n1hear","Episode 2 · Chapter 1 · The Worst Bed — James at eighteen (episode 2): The shower starts","The shower. Somebody's in the shower. At three in the morning.","4.44 s"
"voice.n1A1","Episode 2 · Chapter 1 · The Worst Bed — James at eighteen (episode 2): Scene A, at the block door","Nobody. The water's running and there's nobody.","3.55 s"
"voice.n1omg","Episode 2 · Chapter 1 · The Worst Bed — James at eighteen (episode 2): Scene A: the water stops by itself","Oh my god...","1.65 s"
"voice.n1A2","Episode 2 · Chapter 1 · The Worst Bed — James at eighteen (episode 2): Scene A, the last frame","...there was someone at the end of the corridor.","2.51 s"
"voice.n1B1","Episode 2 · Chapter 1 · The Worst Bed — James at eighteen (episode 2): Scene B, lying still","Just listen. Don't decide what it is. Just listen.","4.13 s"
"voice.n1B2","Episode 2 · Chapter 1 · The Worst Bed — James at eighteen (episode 2): Scene B, the water stops","It stopped. By itself.","2.51 s"
"voice.n1C1","Episode 2 · Chapter 1 · The Worst Bed — James at eighteen (episode 2): Scene C, a whisper to the next bed","Eh. You awake?","1.65 s"
"voice.n1D1","Episode 2 · Chapter 1 · The Worst Bed — James at eighteen (episode 2): Scene D, under the blanket","It's nothing. It's nothing. It's nothing.","2.43 s"
"voice.n1A","Episode 2 · Chapter 1 · The Worst Bed — James at eighteen (episode 2): Under the outcome card after choice A — “Get up and open the toilet door.”","I got up and looked. I found water, and nothing else, and a corridor I did not like.","6.69 s"
"voice.n1B","Episode 2 · Chapter 1 · The Worst Bed — James at eighteen (episode 2): Under the outcome card after choice B — “Stay still and listen.”","I stayed still and listened. What I heard was a sound. What it meant, I did not know yet.","7.16 s"
"voice.n1C","Episode 2 · Chapter 1 · The Worst Bed — James at eighteen (episode 2): Under the outcome card after choice C — “Whisper to your bunkmate — ""You awake?""”","I asked the one person who could tell me. He heard nothing. That was worth knowing.","6.03 s"
"voice.n1D","Episode 2 · Chapter 1 · The Worst Bed — James at eighteen (episode 2): Under the outcome card after choice D — “It's a ghost — blanket over your head.”","I decided what it was before I knew anything. Under the blanket, the water kept running.","6.35 s"
"voice.s1fallin","Episode 2 · Chapter 1 · The Worst Bed — The platoon sergeant (episode 2): The whistle","Fall in! Fall in! Move it, move it!","3.16 s"
"voice.e1knock","Episode 2 · Chapter 1 · The Worst Bed — The encik, the sergeant-major (episode 2): The fall-in ends: the whole section is knocked down","Ah! Take your time some more! Whole lot, knock it down! Twenty push-ups! Go!","7.31 s"
"voice.e1backbunk","Episode 2 · Chapter 1 · The Worst Bed — The encik, the sergeant-major (episode 2): The push-ups done: back to the bunk","Now! Go back to your bunk! I want standby bed, now!","4.44 s"
"voice.s1late","Episode 2 · Chapter 1 · The Worst Bed — The platoon sergeant (episode 2): Late to the line","You! Last one! Twenty push-ups, now!","3.40 s"
"voice.s1bed","Episode 2 · Chapter 1 · The Worst Bed — The platoon sergeant (episode 2): Opening film: bed one","Bed one. Next to the toilet. Nobody wants it, so it's yours.","4.91 s"
"voice.s1standby","Episode 2 · Chapter 1 · The Worst Bed — The platoon sergeant (episode 2): The standby bed","Standby bed! Sixty seconds! Go!","3.08 s"
"voice.s1again","Episode 2 · Chapter 1 · The Worst Bed — The platoon sergeant (episode 2): A failed standby bed","Whole bunk! Do it again!","1.96 s"
"voice.s1lights","Episode 2 · Chapter 1 · The Worst Bed — The platoon sergeant (episode 2): Lights out","Lights out! No talking!","2.27 s"
"voice.b1day","Episode 2 · Chapter 1 · The Worst Bed — The buddy in the next bed (episode 2): The buddy hotspot, by day","Eh, you kena the toilet bed ah. Good luck, bro.","3.08 s"
"voice.b1sleep","Episode 2 · Chapter 1 · The Worst Bed — The buddy in the next bed (episode 2): Lights out","Sleep lah. Tomorrow got range.","2.19 s"
"voice.b1huh","Episode 2 · Chapter 1 · The Worst Bed — The buddy in the next bed (episode 2): Scene C","Huh? ...what? Go sleep lah.","3.40 s"
"voice.k1board","Episode 2 · Chapter 1 · The Worst Bed — A bunkmate (episode 2): The notice board hotspot","Week two, live firing. Confirm plus chop.","3.00 s"
"voice.k1three","Episode 2 · Chapter 1 · The Worst Bed — A bunkmate (episode 2): The bunkmate hotspot, by day","The three a.m. one? Heard before. Never looked.","4.05 s"
"voice.b1hurry","Episode 2 · Chapter 1 · The Worst Bed — The buddy in the next bed (episode 2): Running back to the bunk, after the push-ups","Eh, hurry up la! Later get push-ups again!","2.16 s"
"voice.k1hurry","Episode 2 · Chapter 1 · The Worst Bed — A bunkmate (episode 2): Running back to the bunk, a beat after the buddy","Eh, hurry up la! Later get push-ups again!","2.72 s"
"voice.e1count","Episode 2 · Chapter 1 · The Worst Bed — The encik, the sergeant-major (episode 2): The push-ups done: report strength","Stand up! All of you! I want strength! Number off! From the right! Now!","5.25 s"
"voice.n1one","Episode 2 · Chapter 1 · The Worst Bed — James at eighteen (episode 2): The count-off: he is first","One!","0.99 s"
"voice.c1two","Episode 2 · Chapter 1 · The Worst Bed — The buddy in the next bed (episode 2): The count-off","Two!","0.47 s"
"voice.c1three","Episode 2 · Chapter 1 · The Worst Bed — A bunkmate (episode 2): The count-off","Three!","0.55 s"
"voice.c1four","Episode 2 · Chapter 1 · The Worst Bed — The buddy in the next bed (episode 2): The count-off","Four!","0.55 s"
"voice.c1five","Episode 2 · Chapter 1 · The Worst Bed — A bunkmate (episode 2): The count-off","Five!","0.52 s"
"voice.c1six","Episode 2 · Chapter 1 · The Worst Bed — The buddy in the next bed (episode 2): The count-off","Six!","0.68 s"
"voice.c1seven","Episode 2 · Chapter 1 · The Worst Bed — A bunkmate (episode 2): The count-off","Seven!","0.55 s"
"voice.c1eight","Episode 2 · Chapter 1 · The Worst Bed — The buddy in the next bed (episode 2): The count-off","Eight!","0.65 s"
"voice.c1nine","Episode 2 · Chapter 1 · The Worst Bed — A bunkmate (episode 2): The count-off: the last man in the section","Nine!","0.63 s"
"voice.c1ten","Episode 2 · Chapter 1 · The Worst Bed — The tenth man on the line (episode 2): The count-off: the number nobody called","Ten.","2.17 s"
"voice.e1extra","Episode 2 · Chapter 1 · The Worst Bed — The encik, the sergeant-major (episode 2): The headcount comes out one too many","Ten? Who say ten? I only got nine recruits in this section. Nine! ...Never mind. Go back to your bunk. I want standby bed. Now!","9.80 s"
"voice.e1rope","Episode 2 · Chapter 1 · The Worst Bed — The encik, the sergeant-major (episode 2): The standby bed passed: one item too many","Eh! Bed one recruit! Why your standby bed got an extra set of toggle rope? You better return it to your buddy!","6.53 s"
"voice.n1rope","Episode 2 · Chapter 1 · The Worst Bed — James at eighteen (episode 2): After the encik walks off, to himself","I didn't know where this toggle rope came from. I'm sure I only had one... never mind...","5.72 s"
"voice.n1ghost","Episode 2 · Chapter 1 · The Worst Bed — James at eighteen (episode 2): The evening: someone is standing in the shower block","Wait... is there someone in there?","3.16 s"
"voice.n2pro1","Episode 2 · Chapter 2 · Nobody There — James at eighteen (episode 2): The opening film: the first night, from his pillow","Night after night, this kept happening.","2.43 s"
"voice.n2pro2","Episode 2 · Chapter 2 · Nobody There — James at eighteen (episode 2): The opening film: the fourth night, the clock turning to three","I noticed it only starts when the clock hits 3am... Surely, this is not just my imagination...","7.71 s"
"voice.n2pro","Episode 2 · Chapter 2 · Nobody There — James at eighteen (episode 2): The opening film, over black, after the fourth night","I've had enough. Today, I decided to bring it up to my bunkmates... and the encik...","6.72 s"
"voice.b2hear","Episode 2 · Chapter 2 · Nobody There — The buddy in the next bed (episode 2): Breakfast: asked what he heard (SUPERSEDED at v10.1 by r2hear; the file stays in the pack, nothing cues it)","Bro, you also heard it? It starts at 3am every night, I swear...","6.32 s"
"voice.r2hear","Episode 2 · Chapter 2 · Nobody There — The recruit who heard it (episode 2): Breakfast: asked what he heard","Bro, you also heard it? It starts at 3am every night, I swear...","5.25 s"
"voice.k2three","Episode 2 · Chapter 2 · Nobody There — A bunkmate (episode 2): Breakfast: asked what he heard","I didn't hear anything, but I heard from others that bed one is the problem...","4.64 s"
"voice.r2siao","Episode 2 · Chapter 2 · Nobody There — Another recruit at the table (episode 2): Breakfast: asked what he heard","Siao eh, you think too much la. Where got ghost?","3.20 s"
"voice.n2known","Episode 2 · Chapter 2 · Nobody There — James at eighteen (episode 2): Breakfast: to himself, after the third bunkmate has answered","I think I'm not the only one who knows about this...","3.00 s"
"voice.e2hurry","Episode 2 · Chapter 2 · Nobody There — The encik, the sergeant-major (episode 2): Breakfast: the encik shouts the table back to its food, right after that thought","Hurry up and eat, fall in soon!","2.93 s"
"voice.n3pro1","Episode 2 · Chapter 3 · The Pressure — James at eighteen (episode 2): The film opens: on the tonner at last light (Chad's words)","[quietly] I thought the shower incident was going to be the only strange encounter in my army life. It wasn't.","6.35 s"
"voice.n3pro2","Episode 2 · Chapter 3 · The Pressure — James at eighteen (episode 2): The film: the road still unrolling (Chad's words)","[tired] Months later, I was posted to Infantry... and here we are, on the first night of our outfield exercise...","7.24 s"
"voice.n3pro3","Episode 2 · Chapter 3 · The Pressure — James at eighteen (episode 2): The film: the walk in as the light goes","[quietly] We walked in as the light went. Dug our scrapes. Then there was nothing to do but wait for morning.","6.35 s"
"voice.n3pro4","Episode 2 · Chapter 3 · The Pressure — James at eighteen (episode 2): The film: the harbour at night, coming down into his scrape — the source's own words","[quietly] I was at the very rear of my section. Facing away from the others. Looking out into the dark.","7.39 s"
"voice.n3spot1","Episode 2 · Chapter 3 · The Pressure — James at eighteen (episode 2): Play: the torch on the strangler fig","[uneasy] Everything out here looks like something else.","3.16 s"
"voice.n3spot2","Episode 2 · Chapter 3 · The Pressure — James at eighteen (episode 2): Play: the torch on the fallen log","[quietly] Wet. Everything is wet.","2.69 s"
"voice.n3spot3","Episode 2 · Chapter 3 · The Pressure — James at eighteen (episode 2): Play: the torch on the gap between two trunks","[uneasy] You could walk in there and never come out.","2.85 s"
"voice.n3spot5","Episode 2 · Chapter 3 · The Pressure — James at eighteen (episode 2): Play: the torch on the commander's chemlights across the ring","[quietly] Nobody's sleeping. Everyone's pretending.","2.93 s"
"voice.n3spot6","Episode 2 · Chapter 3 · The Pressure — James at eighteen (episode 2): Play: the torch on the ground at his own feet — the last spot","[tired] Just a scrape. Just a night. Sleep when you can, they said.","5.49 s"
"voice.n3press","Episode 2 · Chapter 3 · The Pressure — James at eighteen (episode 2): Play: THE PRESSURE, on the frame the shake ends (Chad's words)","[terrified] Something was pressing against my leg! Not just a sensation — there was actual weight to it!","6.35 s · v13.0: re-said under [terrified] (Chad: ""needs to sound more scared""). The take is the cleanest-edged of four."
"voice.n3look","Episode 2 · Chapter 3 · The Pressure — James at eighteen (episode 2): Play: the torch held on the ground at his feet (Chad's words)","[panicking] Nothing around. No one. No footsteps. Not even the sound of vegetation moving around me.","5.80 s"
"voice.n3still","Episode 2 · Chapter 3 · The Pressure — James at eighteen (episode 2): Play: the line the decision opens on (Chad's words)","[frightened] But I still feel the pressure on my leg...","2.69 s"
"voice.n3A1","Episode 2 · Chapter 3 · The Pressure — James at eighteen (episode 2): Scene A: after the turn, the beam on the empty litter","[shaken] ...gone. Whatever it was. As soon as the light touched it.","4.05 s"
"voice.n3A2","Episode 2 · Chapter 3 · The Pressure — James at eighteen (episode 2): Scene A: the last line","[quietly] I didn't chase it.","1.96 s"
"voice.n3B1","Episode 2 · Chapter 3 · The Pressure — James at eighteen (episode 2): Scene B: the hand back out of the leaves","[frightened] Cold. Something was there. Something moved.","3.63 s"
"voice.n3B2","Episode 2 · Chapter 3 · The Pressure — James at eighteen (episode 2): Scene B: the last line","[quietly] I should have looked first.","2.04 s"
"voice.n3C1","Episode 2 · Chapter 3 · The Pressure — James at eighteen (episode 2): Scene C: whispered to the next scrape (round the voice bus, a whisper)","[whispering] Eh. You feel that?","2.12 s"
"voice.n3C2","Episode 2 · Chapter 3 · The Pressure — James at eighteen (episode 2): Scene C: his answer, whispered","[whispering] ...my leg. Something pressed on it.","2.51 s"
"voice.n3D1","Episode 2 · Chapter 3 · The Pressure — James at eighteen (episode 2): Scene D: out loud, across the harbour","[nervous] Who's there?","1.65 s"
"voice.n3D2","Episode 2 · Chapter 3 · The Pressure — James at eighteen (episode 2): Scene D: the last line — it stopped when he asked","[quietly] It stopped. Right when I asked.","3.16 s"
"voice.n3A","Episode 2 · Chapter 3 · The Pressure — James at eighteen (episode 2): The outcome card, choice A","[quietly] I put the light on it before I moved. It ran. Light was the one thing it wouldn't stay for.","6.77 s"
"voice.n3B","Episode 2 · Chapter 3 · The Pressure — James at eighteen (episode 2): The outcome card, choice B","[shaken] I reached into the dark before I looked. My hand still remembers what moved.","5.41 s"
"voice.n3C","Episode 2 · Chapter 3 · The Pressure — James at eighteen (episode 2): The outcome card, choice C","[quietly] I asked him. He felt nothing. Two of us, one night, two different nights.","8.12 s"
"voice.n3D","Episode 2 · Chapter 3 · The Pressure — James at eighteen (episode 2): The outcome card, choice D","[quietly] I called out to it. It stopped the moment I did. I gave it my voice.","6.35 s"
"voice.b3here","Episode 2 · Chapter 3 · The Pressure — The buddy in the next scrape (episode 2, chapter 3): Play: the torch lands on him, eyes shut","[sleepy] Eh. Torch off, lah. Save battery.","2.50 s"
"voice.b3C1","Episode 2 · Chapter 3 · The Pressure — The buddy in the next scrape (episode 2, chapter 3): Scene C: to the whisper","[whispering] Feel what?","0.93 s"
"voice.b3C2","Episode 2 · Chapter 3 · The Pressure — The buddy in the next scrape (episode 2, chapter 3): Scene C: his torch on his own legs, then out","[whispering] Nothing there. Maybe root. Or you fell asleep sitting.","4.06 s"
"voice.b3C3","Episode 2 · Chapter 3 · The Pressure — The buddy in the next scrape (episode 2, chapter 3): Scene C: not laughing","[quietly, serious] Face the front. I face mine. Relief at four.","4.85 s"
"voice.b3D","Episode 2 · Chapter 3 · The Pressure — The buddy in the next scrape (episode 2, chapter 3): Scene D: after the shout","[annoyed, whispering] Siao ah?","1.45 s"
"voice.k3bush","Episode 2 · Chapter 3 · The Pressure — A bunkmate (episode 2): Play: the torch lands on the kneeling man beside him (Chad's words)","[quiet, uneasy] There's someone running around in the bushes, but the next section is at least a kilometer away...","5.51 s"
"voice.s3brief","Episode 2 · Chapter 3 · The Pressure — The platoon sergeant (episode 2): The film: the brief at the drop-off, low","[low, firm] Single file. Five metres. Nobody talks. We harbour before dark.","6.16 s"
"voice.s3hiss","Episode 2 · Chapter 3 · The Pressure — The platoon sergeant (episode 2): Scene D: the hiss from the far scrape","[angry whisper] TWO. Shut up.","1.84 s"
"voice.n2askA","Episode 2 · Chapter 2 · Nobody There — James at eighteen (episode 2): Scene A opens: what he says to the encik","Encik, something happened. I don't know what.","3.52 s"
"voice.e2A","Episode 2 · Chapter 2 · Nobody There — The encik, the sergeant-major (episode 2): Scene A: the encik's answer, before he walks off","Good. Don't know means don't know. Go eat and don't think too much... Put your focus on the live range tomorrow. I will check your bunk tonight...","9.92 s"
"voice.n2askB","Episode 2 · Chapter 2 · Nobody There — James at eighteen (episode 2): Scene B opens: what he says to the encik","Encik, the bunk is haunted. I'm sure.","2.32 s"
"voice.e2saw","Episode 2 · Chapter 2 · Nobody There — The encik, the sergeant-major (episode 2): Scene B: the encik's challenge","You saw?","0.88 s"
"voice.n2nobut","Episode 2 · Chapter 2 · Nobody There — James at eighteen (episode 2): Scene B: cut off","No, but—","1.68 s"
"voice.e2cock","Episode 2 · Chapter 2 · Nobody There — The encik, the sergeant-major (episode 2): Scene B: the encik shuts it down; the table goes quiet","Don't talk cock! Go back and eat your breakfast!","3.04 s"
"voice.n2B1","Episode 2 · Chapter 2 · Nobody There — James at eighteen (episode 2): Scene B: to himself, the whole table looking","Guess only I know what is happening...","2.72 s"
"voice.n2askC","Episode 2 · Chapter 2 · Nobody There — James at eighteen (episode 2): Scene C opens: what he says to the encik","Never mind encik, I think I was just tired.","2.96 s"
"voice.e2ok","Episode 2 · Chapter 2 · Nobody There — The encik, the sergeant-major (episode 2): Scene C: after a look that lasts a beat too long (SUPERSEDED at v10.8 by e2hmm; the file stays in the pack, nothing cues it)","Ok.","0.64 s"
"voice.e2hmm","Episode 2 · Chapter 2 · Nobody There — The encik, the sergeant-major (episode 2): Scene C: after a look that lasts a beat too long — contemplative, not a verdict","Hmmmm.... okay...","1.92 s"
"voice.n2sigh","Episode 2 · Chapter 2 · Nobody There — James at eighteen (episode 2): Scene C: three in the morning, awake — a defeated sigh before the line","[sighs] Haaahh...","2.56 s · Wordless. The tag shapes the breath; the text gives eleven_v3 something to voice."
"voice.n2C1","Episode 2 · Chapter 2 · Nobody There — James at eighteen (episode 2): Scene C: three in the morning, awake, it has started again","I should have just told him...","1.76 s"
"voice.n2alone","Episode 2 · Chapter 2 · Nobody There — James at eighteen (episode 2): Scene C: after that — what backing down bought him","[quietly, hopeless] Now I'm alone with this... every single night.","4.64 s"
"voice.n2askD","Episode 2 · Chapter 2 · Nobody There — James at eighteen (episode 2): Scene D opens: what he says to the encik","Encik, what do you think it is?","1.92 s"
"voice.e2D1","Episode 2 · Chapter 2 · Nobody There — The encik, the sergeant-major (episode 2): Scene D: the encik's three answers","Old block la.... Plumbing issue.... Or you're just too tired....","3.92 s"
"voice.e2D2","Episode 2 · Chapter 2 · Nobody There — The encik, the sergeant-major (episode 2): Scene D: the shrug, and the rule","And if it's not those two, mind your own business and don't disturb it.","6.24 s"
"voice.n2A","Episode 2 · Chapter 2 · Nobody There — James at eighteen (episode 2): Under outcome card A","I told him what I knew, and only that. He didn't laugh.","3.76 s"
"voice.n2B","Episode 2 · Chapter 2 · Nobody There — James at eighteen (episode 2): Under outcome card B","I said I was sure. I wasn't. Now nobody will listen.","4.56 s"
"voice.n2C","Episode 2 · Chapter 2 · Nobody There — James at eighteen (episode 2): Under outcome card C","I called it nothing. It wasn't nothing. Three a.m. knew that.","4.48 s"
"voice.n2D","Episode 2 · Chapter 2 · Nobody There — James at eighteen (episode 2): Under outcome card D","He gave me three answers and one rule. The rule was the answer.","6.16 s"
"voice.n4pro1","Episode 2 · Chapter 4 · The Cyclist — James at eighteen (episode 2): The film: in the back of the tonner, arriving at the range","Night two. The live range. After last night, I was glad to have something to point at.","5.72 s"
"voice.n4pro2","Episode 2 · Chapter 4 · The Cyclist — James at eighteen (episode 2): The film: the ammo point, the magazines issued","Live rounds. Nobody fires until the tower says fire. Simple. Just watch your front.","6.53 s"
"voice.n4report","Episode 2 · Chapter 4 · The Cyclist — James at eighteen (episode 2): Play: keying the radio, in the proper form — what option A does","[tense] Tower, lane six. Contact in the target area. Negative enemy. Not a target. Over.","6.03 s"
"voice.n4notarget","Episode 2 · Chapter 4 · The Cyclist — James at eighteen (episode 2): Play: the shape crossing the arc that is not on any rail","[nervous] That's not a target.","1.80 s"
"voice.n4back","Episode 2 · Chapter 4 · The Cyclist — James at eighteen (episode 2): Play: a round into it, and it is back on the next flare","[frightened] It's coming back.","1.96 s"
"voice.n4dawn","Episode 2 · Chapter 4 · The Cyclist — James at eighteen (episode 2): The ending, over the tonner at dawn — and the line that loads chapter 5","By morning, everybody had the story. Five men, one bicycle, floating. I had my own, and I kept it to myself. I stopped looking after that.","9.48 s"
"voice.n4draw","Episode 2 · Chapter 4 · The Cyclist — James at eighteen (episode 2): Scene B: as he steps forward of the firing line","[uneasy] Somehow I feel drawn to investigate more. Surely my eyes weren't playing tricks on me.","5.15 s · Chad's own words."
"voice.n4gasp","Episode 2 · Chapter 4 · The Cyclist — James at eighteen (episode 2): Scene C: the 180 turn, and it is standing behind him","[gasps in terror] Haaah—!","1.07 s · Wordless. The direction IS the take (v4.8's rule)."
"voice.n4runD","Episode 2 · Chapter 4 · The Cyclist — James at eighteen (episode 2): Scene D: off the line, running","[panicking] No. No, no— I'm not staying out here!","2.51 s"
"voice.n4pant","Episode 2 · Chapter 4 · The Cyclist — James at eighteen (episode 2): Scene D: the breathing under the run, and under the faint","[breathing hard, terrified] Hah... hah... hah... hah...","3.16 s · Wordless. Routed round the voice bus is NOT needed — it is a spoken-level take, not a whisper."
"voice.n4A","Episode 2 · Chapter 4 · The Cyclist — James at eighteen (episode 2): The outcome card, choice A","I kept my lane. I said what I saw, in the proper words, and then I carried on.","5.15 s"
"voice.n4B","Episode 2 · Chapter 4 · The Cyclist — James at eighteen (episode 2): The outcome card, choice B","I went out to look. The ground was empty, and the sound came from behind me.","4.83 s"
"voice.n4C","Episode 2 · Chapter 4 · The Cyclist — James at eighteen (episode 2): The outcome card, choice C","I put a whole magazine into it. Every round brought it closer.","4.75 s"
"voice.n4D","Episode 2 · Chapter 4 · The Cyclist — James at eighteen (episode 2): The outcome card, choice D","I ran. Five other men ran with me. Nobody looked back down the range.","6.11 s"
"voice.t4load","Episode 2 · Chapter 4 · The Cyclist — The range officer in the tower (episode 2, chapter 4): Play: the load order on the line","Shooters. LOAD. Magazine on. Cock your weapon. Safety catch ON.","5.80 s · Bark rule — no stage direction."
"voice.t4ready","Episode 2 · Chapter 4 · The Cyclist — The range officer in the tower (episode 2, chapter 4): The film's last order, and again before the last serial","Shooters. Watch your front. READY.","2.59 s · Bark rule."
"voice.t4fire1","Episode 2 · Chapter 4 · The Cyclist — The range officer in the tower (episode 2, chapter 4): Play: the first serial, the static target","At the one hundred metre target. FIRE.","2.77 s · Bark rule. The range is COMPRESSED to 62 m; the order says a hundred because that is what a range officer says."
"voice.t4fire2","Episode 2 · Chapter 4 · The Cyclist — The range officer in the tower (episode 2, chapter 4): Play: the second serial, the pop-ups","Pop-up targets, two hundred metres. Watch your front. FIRE at your own time.","4.60 s · Bark rule."
"voice.t4fire3","Episode 2 · Chapter 4 · The Cyclist — The range officer in the tower (episode 2, chapter 4): Play: the third serial, the mover on the rail","Moving target, left to right. Watch your front. FIRE.","4.44 s · Bark rule. This is the drill the chapter exists to teach."
"voice.t4cease","Episode 2 · Chapter 4 · The Cyclist — The range officer in the tower (episode 2, chapter 4): Play: the end of every serial","CEASE FIRE. Cease fire. Unload. Clear weapons.","5.33 s · Bark rule."
"voice.t4who","Episode 2 · Chapter 4 · The Cyclist — The range officer in the tower (episode 2, chapter 4): Play: the tower answers the player's own first round, and scene C","CEASE FIRE! Who fired? Lane six. What are you firing at?","4.72 s · Bark rule. v14.3: LANE SIX, because the tower is challenging the PLAYER (Chad: 'the voicelines keep referring to lane 5, when it should say lane 6 at the player instead') - and the cue moved onto the player's own round so that it is true."
"voice.t4neg","Episode 2 · Chapter 4 · The Cyclist — The range officer in the tower (episode 2, chapter 4): Play: the radio, against everything the line can see","Negative. Nobody in the target area. Range party confirms. Nobody forward of the line. Stand fast.","6.43 s · Bark rule. The chapter's whole gap is in this line."
"voice.t4roger","Episode 2 · Chapter 4 · The Cyclist — The range officer in the tower (episode 2, chapter 4): Play: the answer to the radio report","Roger, lane six. Stand fast. Do not leave your lane.","4.05 s · Bark rule."
"voice.t4endex","Episode 2 · Chapter 4 · The Cyclist — The range officer in the tower (episode 2, chapter 4): Scenes A and D: the range is closed","All lanes. Cease fire. Unload, clear weapons. The range is closed.","5.33 s · Bark rule."
"voice.t4man","Episode 2 · Chapter 4 · The Cyclist — The range officer in the tower (episode 2, chapter 4): Scene B: he is forward of the firing line","ALL LANES CEASE FIRE! Man on the range! Lane six is forward of the line!","5.88 s · Bark rule."
"voice.e4wait","Episode 2 · Chapter 4 · The Cyclist — The range safety NCO (episode 2, chapter 4): Play: a round before the order","WAIT for the order! Nobody fires until the tower says fire! You want to go home or not?","5.88 s · Bark rule."
"voice.e4down","Episode 2 · Chapter 4 · The Cyclist — The range safety NCO (episode 2, chapter 4): Scenes A and C: weapons down","STOP! Weapons DOWN! Muzzle down the range! DOWN!","3.79 s · Bark rule."
"voice.e4line","Episode 2 · Chapter 4 · The Cyclist — The range safety NCO (episode 2, chapter 4): Scene B: behind him as he goes over the berm","LANE SIX! GET BACK ON THE LINE! NOW!","3.08 s · Bark rule."
"voice.e4back","Episode 2 · Chapter 4 · The Cyclist — The range safety NCO (episode 2, chapter 4): Scene B: the panic shout as he keeps walking, just before the black","GET BACK HERE! NOW!","1.88 s · Bark rule — no stage direction."
"voice.b4stag","Episode 2 · Chapter 4 · The Cyclist — The buddy in the next scrape (episode 2, chapter 3): Play: the wait on the line, after the serials","Eh. Last night. You never say anything after.","3.13 s"
"voice.b4there","Episode 2 · Chapter 4 · The Cyclist — The buddy in the next scrape (episode 2, chapter 3): Not cued since v13.0 - the buddy's own shout says it in Chad's words. Kept in the pack.","Sergeant! Got someone in the target area!","2.35 s"
"voice.b4float","Episode 2 · Chapter 4 · The Cyclist — The buddy in the next scrape (episode 2, chapter 3): Play: the played moment, beside him","Eh... it's floating. You see or not?","2.85 s"
"voice.k4shout","Episode 2 · Chapter 4 · The Cyclist — A bunkmate (episode 2): Scenes A and D: the other detail comes off the line","Eh, what is that? The bicycle! It's floating! Look over there!","4.02 s"
"voice.r4run","Episode 2 · Chapter 4 · The Cyclist — The recruit who heard it (episode 2): Scenes A and D: the shout that starts the run","Get off the line! Somebody in the lalang! GO! GO!","3.47 s"
"voice.b4cyc","Episode 2 · Chapter 4 · The Cyclist — The buddy in the next scrape (episode 2, chapter 3): Play: the frame the ghost cyclist is first seen — lane five","[shouting, alarmed] Oh my god! What's that?!","2.12 s"
"voice.k4cyc","Episode 2 · Chapter 4 · The Cyclist — A bunkmate (episode 2): Play: the frame the ghost cyclist is first seen — down the line","[shouting urgently] There's someone at the range! Don't shoot! DON'T SHOOT!","3.42 s"
"voice.r4cyc","Episode 2 · Chapter 4 · The Cyclist — Another recruit at the table (episode 2): Play: the frame the ghost cyclist is first seen — the far end","[shouting, panicked] Sergeant! There's someone cycling in the range!","2.35 s"
"voice.n5pro1","Episode 2 · Chapter 5 · The Last Question — James at eighteen (episode 2): Opening film, over black","Months later. Days away from ORD.","3.08 s"
"voice.n5pro2","Episode 2 · Chapter 5 · The Last Question — James at eighteen (episode 2): Opening film, the company line in the afternoon","The outfield was behind me. I hadn't thought about any of it in a long time. I wasn't trying not to. It just went.","7.55 s"
"voice.n5pro3","Episode 2 · Chapter 5 · The Last Question — James at eighteen (episode 2): Opening film, the clearance form, the tilt to the stores","Last week in camp. Clear your kit, sign your papers, go home.","4.44 s"
"voice.n5pro4","Episode 2 · Chapter 5 · The Last Question — James at eighteen (episode 2): Opening film, the push-in on the figure by the stores","Then I saw him.","1.96 s"
"voice.c5arms","Episode 2 · Chapter 5 · The Last Question — The storeman and the company clerk (episode 2, chapter 5): Play: the armskote counter, handing the rifle in","Rifle. Serial number... okay. In the rack, end one.","5.04 s"
"voice.c5store","Episode 2 · Chapter 5 · The Last Question — The storeman and the company clerk (episode 2, chapter 5): Play: the stores counter, handing the torch in","Torch, one. Sign here.","2.25 s"
"voice.c5form","Episode 2 · Chapter 5 · The Last Question — The storeman and the company clerk (episode 2, chapter 5): Play: the company office, the form signed","All clear. Three more days only ah. Congratulations.","3.24 s"
"voice.n5hi","Episode 2 · Chapter 5 · The Last Question — James at eighteen (episode 2): Play: walking up to the encik","Encik? Encik, it's me. Hawk Company.","3.16 s"
"voice.e5hi","Episode 2 · Chapter 5 · The Last Question — The encik, the sergeant-major (episode 2): Play: he recognises him","Eh. You. Still alive.","1.80 s"
"voice.n5ord","Episode 2 · Chapter 5 · The Last Question — James at eighteen (episode 2): Play: the small talk","Three more days, encik. Then I ORD.","3.40 s"
"voice.e5ord","Episode 2 · Chapter 5 · The Last Question — The encik, the sergeant-major (episode 2): Play: the small talk","Good. Go home. Eat properly, sleep properly.","3.32 s"
"voice.e5turn","Episode 2 · Chapter 5 · The Last Question — The encik, the sergeant-major (episode 2): Play: the turn — unprompted, halfway through","Eh. You remember the question you asked me? In the cookhouse. About the three o'clock shower.","4.83 s"
"voice.n5askA","Episode 2 · Chapter 5 · The Last Question — James at eighteen (episode 2): The decision, option A","Who was it, encik? What was his story?","2.04 s"
"voice.n5askB","Episode 2 · Chapter 5 · The Last Question — James at eighteen (episode 2): The decision, option B","I don't think about it anymore, encik.","1.72 s"
"voice.n5askC","Episode 2 · Chapter 5 · The Last Question — James at eighteen (episode 2): The decision, option C","I think I was just too stressed.","1.96 s"
"voice.n5askD","Episode 2 · Chapter 5 · The Last Question — James at eighteen (episode 2): The decision, option D","Why didn't you tell me then, encik?","2.04 s"
"voice.e5A1","Episode 2 · Chapter 5 · The Last Question — The encik, the sergeant-major (episode 2): Scene A: the recruit in bed one","Before my time. One recruit, bed one. Quiet boy. Every night he's the last one in the shower. He don't like people see him wash.","8.75 s"
"voice.e5A2","Episode 2 · Chapter 5 · The Last Question — The encik, the sergeant-major (episode 2): Scene A: the morning they found him","One morning, first parade, he's not there. They find him inside. Water still running.","5.41 s"
"voice.e5A3","Episode 2 · Chapter 5 · The Last Question — The encik, the sergeant-major (episode 2): Scene A: after","No note. No reason. His family come and take him back. The bunk close for one month. Then they open it again like nothing.","8.75 s"
"voice.e5A4","Episode 2 · Chapter 5 · The Last Question — The encik, the sergeant-major (episode 2): Scene A: the attachment line — the episode's teaching","Since then, every batch, bed one, three o'clock. Sometimes the departed are still stuck at the places they have attachments to. That shower was his.","9.40 s"
"voice.e5A5","Episode 2 · Chapter 5 · The Last Question — The encik, the sergeant-major (episode 2): Scene A: and he closes it","You asked, so I told you. But don't go and make it into something. He's not your business.","5.56 s"
"voice.e5B1","Episode 2 · Chapter 5 · The Last Question — The encik, the sergeant-major (episode 2): Scene B: the nod","Good. Better than me.","1.65 s"
"voice.e5B2","Episode 2 · Chapter 5 · The Last Question — The encik, the sergeant-major (episode 2): Scene B: his own night in that bunk","I was in that bunk also. I went to look once. Water running. Somebody standing under it, back facing me. I went back to bed and never look again. One month, then nothing.","12.36 s"
"voice.e5B3","Episode 2 · Chapter 5 · The Last Question — The encik, the sergeant-major (episode 2): Scene B: why he said nothing in the cookhouse","That morning in the cookhouse I say nothing, because if I tell you, you check every night until ORD. You didn't.","7.71 s"
"voice.e5B4","Episode 2 · Chapter 5 · The Last Question — The encik, the sergeant-major (episode 2): Scene B: the line that closes the episode","After your batch posted out. Quiet. First time in years.","4.52 s"
"voice.e5C","Episode 2 · Chapter 5 · The Last Question — The encik, the sergeant-major (episode 2): Scene C: the whole scene","I know it is easier to brush things off with logic and reason. But there are many things you simply won't fully understand.","8.12 s"
"voice.e5D1","Episode 2 · Chapter 5 · The Last Question — The encik, the sergeant-major (episode 2): Scene D: the boy he told once","Because I told one boy before you. Same question. After that he checked every night. Two months later he's out. Not sick. Not injured. Just cannot anymore.","10.42 s"
"voice.e5D2","Episode 2 · Chapter 5 · The Last Question — The encik, the sergeant-major (episode 2): Scene D: the rule he made after","After him I decide. Nobody gets told until they are leaving.","4.52 s"
"voice.e5D3","Episode 2 · Chapter 5 · The Last Question — The encik, the sergeant-major (episode 2): Scene D: and the quiet","After your batch posted out. Quiet. First time in years. Now you know. Now it cannot hurt you.","7.00 s"
"voice.n5A","Episode 2 · Chapter 5 · The Last Question — James at eighteen (episode 2): Under outcome card A","I asked who he was. Encik told me, and then told me to leave it there.","5.33 s"
"voice.n5B","Episode 2 · Chapter 5 · The Last Question — James at eighteen (episode 2): Under outcome card B","I had already let it go. He only confirmed I was right to.","3.55 s"
"voice.n5C","Episode 2 · Chapter 5 · The Last Question — James at eighteen (episode 2): Under outcome card C","I called it stress. He wouldn't let me.","3.16 s"
"voice.n5D","Episode 2 · Chapter 5 · The Last Question — James at eighteen (episode 2): Under outcome card D","I wanted a reason I was owed. He gave me one. It didn't help.","4.68 s"
"voice.n5close","Episode 2 · Chapter 5 · The Last Question — James at eighteen (episode 2): The closing narration, to camera, in all four outcomes","The departed stay where their attachments are. So do the living. His was that shower. Mine was the question. When I put it down, so did he.","11.47 s"